TF,statistic,pvalue,zscore,max_auc,re_rank,irwin_hall_pvalue,ID,logPvalue
MEF2B,5.18,1.11E-07,2.811,0.642,0.015,1.44E-05,1,4.841637508
NEUROG2,5.724,5.19E-09,2.578,0.603,0.026,7.80E-05,2,4.107905397
MAML3,3.303,0.000479,3.029,0.581,0.035,0.000185,3,3.732828272
FOXO1,3.104,0.000953,2.725,0.589,0.036,0.000203,4,3.692503962
RNF2,3.412,0.000323,2.156,0.687,0.04,0.000294,5,3.53165267
TCF21,3.376,0.000368,2.16,0.668,0.041,0.00031,6,3.508638306
EBF3,2.796,0.00259,3.251,0.571,0.044,0.00038,7,3.420216403
TBX5,3.54,2.00E-04,3.122,0.566,0.045,0.000408,8,3.389339837
BMI1,2.812,0.00246,2.232,0.615,0.046,0.000428,9,3.368556231
FLI1,4.236,1.14E-05,2.909,0.558,0.049,0.000538,10,3.269217724
OTX2,5.947,1.36E-09,2.849,0.556,0.052,0.000624,11,3.20481541
EBF1,2.951,0.00158,2.436,0.579,0.054,0.000692,12,3.159893906
MYOG,2.112,0.0174,2.906,0.576,0.055,0.000734,13,3.13430394
REST,6.354,1.05E-10,2.668,0.553,0.057,0.00084,14,3.075720714
STAG1,8.03,4.89E-16,1.954,0.593,0.059,0.000922,15,3.035269079
EZH2,9.228,1.38E-20,1.686,0.768,0.062,0.00106,16,2.974694135
HOXC9,2.26,0.0119,3.183,0.559,0.062,0.00108,17,2.966576245
EBNA3C,2.554,0.00532,2.153,0.588,0.064,0.00116,18,2.935542011
PGR,1.699,0.0447,2.466,0.616,0.064,0.0012,19,2.920818754
NEUROD1,3.989,3.32E-05,4.031,0.537,0.068,0.00143,20,2.844663963
TRAF7,3.38,0.000363,1.83,0.611,0.069,0.0015,21,2.823908741
SPI1,6.913,2.38E-12,1.703,0.604,0.072,0.0017,22,2.769551079
KLF11,3.018,0.00127,2.301,0.558,0.073,0.00178,23,2.749579998
CHD5,1.651,0.0494,2.651,0.58,0.076,0.00196,24,2.707743929
PAX3,1.641,0.0504,2.903,0.575,0.076,0.00196,25,2.707743929
PPARG,3.977,3.49E-05,1.697,0.612,0.076,0.00199,26,2.701146924
DUX4,1.947,0.0258,2.68,0.56,0.078,0.00217,27,2.663540266
SMARCA4,3.146,0.000828,2.005,0.568,0.08,0.00229,28,2.640164518
SIX2,3.568,0.00018,2.901,0.533,0.08,0.00232,29,2.634512015
CD74,2.634,0.00422,1.789,0.601,0.081,0.00238,30,2.623423043
NUP98-HOXA9,1.658,0.0487,2.436,0.583,0.081,0.00241,31,2.617982957
KMT2A,3.864,5.57E-05,2.092,0.556,0.083,0.00254,32,2.595166283
PHOX2B,1.618,0.0529,3.025,0.566,0.083,0.00261,33,2.583359493
ZNF100,2.289,0.011,1.84,0.593,0.085,0.00278,34,2.555955204
ZFP57,2.182,0.0146,2.349,0.556,0.086,0.00282,35,2.549750892
CTCF,21.12,2.61E-99,1.667,0.576,0.088,0.00311,36,2.507239611
JARID2,5.447,2.57E-08,1.309,0.766,0.088,0.00311,37,2.507239611
BCL6,3.211,0.000661,2.045,0.556,0.089,0.00315,38,2.501689446
SUZ12,4.772,9.11E-07,1.293,0.747,0.092,0.00351,39,2.454692884
FOXP1,1.733,0.0415,2.21,0.574,0.092,0.00351,40,2.454692884
TET2,3.029,0.00123,2.12,0.548,0.092,0.00355,41,2.449771647
MYOD1,2.485,0.00647,2.56,0.535,0.094,0.00372,42,2.42945706
IRF4,3.033,0.00121,2.26,0.539,0.095,0.00389,43,2.410050399
JMJD6,3.856,5.76E-05,1.82,0.56,0.097,0.00407,44,2.390405591
KLF15,3.981,3.43E-05,1.403,0.594,0.1,0.00444,45,2.35261703
KDM2B,5.894,1.89E-09,1.127,0.66,0.102,0.00479,46,2.319664487
SMARCA2,1.951,0.0255,2.559,0.541,0.102,0.00484,47,2.315154638
PRDM6,1.637,0.0508,2.156,0.573,0.103,0.00494,48,2.306273051
ATF2,1.752,0.0399,2.496,0.548,0.104,0.00499,49,2.301899454
CBX2,1.657,0.0488,1.982,0.582,0.105,0.0052,50,2.283996656
CNOT3,2.135,0.0164,1.6,0.588,0.105,0.00526,51,2.279014256
AFF1,2.567,0.00513,1.671,0.57,0.106,0.00542,52,2.266000713
MEF2A,1.787,0.037,2.343,0.547,0.107,0.00548,53,2.261219442
PITX3,1.536,0.0622,3.371,0.543,0.113,0.00641,54,2.19314197
MYH11,2.222,0.0132,1.395,0.601,0.114,0.00672,55,2.172630727
SMC1A,4.906,4.65E-07,1.403,0.569,0.115,0.00679,56,2.168130226
HAND2,1.541,0.0616,2.822,0.544,0.116,0.00704,57,2.152427341
HOXA9,1.986,0.0235,2.589,0.527,0.117,0.00724,58,2.140261434
BATF3,1.645,0.05,1.866,0.577,0.118,0.00731,59,2.136082623
ZNF282,2.395,0.00831,1.216,0.614,0.118,0.00738,60,2.131943638
EWSR1,1.609,0.0538,2.538,0.543,0.119,0.00751,61,2.124360063
RELB,2.365,0.00902,2.39,0.524,0.12,0.00772,62,2.1123827
RYBP,2.394,0.00833,1.148,0.621,0.121,0.00793,63,2.100726813
MEIS1,2.175,0.0148,2.179,0.532,0.122,0.00814,64,2.089375595
FOXA2,2.204,0.0138,1.595,0.565,0.123,0.00836,65,2.077793723
BATF,2.546,0.00546,2.047,0.531,0.123,0.00836,66,2.077793723
KDM4A,2.043,0.0205,1.433,0.587,0.123,0.00836,67,2.077793723
GATA4,1.701,0.0445,1.841,0.567,0.123,0.00844,68,2.073657553
PRDM1,2.113,0.0173,2.208,0.529,0.124,0.00858,69,2.066512712
GTF2I,2.267,0.0117,1.411,0.573,0.126,0.00896,70,2.04769199
SRF,2.2,0.0139,1.31,0.586,0.126,0.00904,71,2.04383157
PCGF2,2.078,0.0188,2.007,0.536,0.127,0.0092,72,2.036212173
ZNF534,1.534,0.0625,2.39,0.543,0.132,0.0103,73,1.987162775
ZNF468,1.647,0.0498,1.596,0.579,0.133,0.0106,74,1.974694135
SMC3,5.153,1.28E-07,1.467,0.544,0.133,0.0107,75,1.970616222
SIX1,2.209,0.0136,3.134,0.51,0.135,0.011,76,1.958607315
TBX21,2.11,0.0175,1.736,0.544,0.136,0.0114,77,1.943095149
ZIM3,1.73,0.0418,2.673,0.52,0.137,0.0115,78,1.93930216
TRIM22,2.07,0.0192,1.953,0.534,0.137,0.0116,79,1.935542011
HMG20A,1.597,0.0551,1.885,0.557,0.137,0.0116,80,1.935542011
SP140,1.769,0.0385,1.789,0.55,0.138,0.0119,81,1.924453039
EBNA3,1.593,0.0556,1.902,0.556,0.138,0.0119,82,1.924453039
ZBTB26,1.992,0.0232,1.517,0.559,0.139,0.0121,83,1.91721463
POLR2AphosphoS5,2.276,0.0114,1.975,0.526,0.139,0.0122,84,1.913640169
PCGF1,2.326,0.01,0.908,0.603,0.14,0.0123,85,1.910094889
GRIP1,1.974,0.0242,1.938,0.535,0.14,0.0124,86,1.906578315
ZNF384,1.617,0.0529,2.124,0.536,0.141,0.0125,87,1.903089987
RING1,1.425,0.0771,1.959,0.556,0.143,0.0133,88,1.876148359
CHRM2,1.594,0.0555,1.925,0.55,0.145,0.0136,89,1.866461092
STAT5B,2.955,0.00156,1.648,0.532,0.145,0.0136,90,1.866461092
GRHL3,1.566,0.0587,1.604,0.571,0.145,0.0137,91,1.863279433
NCAPH2,2.371,0.00887,0.754,0.596,0.147,0.0144,92,1.841637508
RAD21,4.267,9.89E-06,1.153,0.55,0.148,0.0146,93,1.835647144
GTF3C5,1.965,0.0247,1.658,0.544,0.148,0.0146,94,1.835647144
MEF2C,1.547,0.061,1.962,0.545,0.148,0.0147,95,1.832682665
CBFB,2.78,0.00271,1.045,0.566,0.149,0.0148,96,1.829738285
PBX3,1.321,0.0932,2.037,0.55,0.149,0.0149,97,1.826813732
ZNF273,1.614,0.0532,1.582,0.564,0.15,0.0151,98,1.821023053
TET3,1.8,0.0359,1.204,0.579,0.15,0.0153,99,1.815308569
ETV6,1.765,0.0388,1.817,0.536,0.152,0.0159,100,1.798602876
ZNF611,1.428,0.0766,2.33,0.529,0.154,0.0165,101,1.782516056
BCOR,1.546,0.0611,1.145,0.636,0.155,0.0166,102,1.779891912
NFKB1,2.079,0.0188,1.85,0.525,0.155,0.0166,103,1.779891912
ZNF786,1.529,0.0631,1.96,0.542,0.155,0.0167,104,1.777283529
ZNF519,1.626,0.052,1.399,0.568,0.156,0.0172,105,1.764471553
ZNF44,1.329,0.0919,2.847,0.521,0.156,0.0172,106,1.764471553
IKZF1,1.983,0.0237,1.3,0.555,0.16,0.0186,107,1.730487056
MKL2,2.488,0.00643,1.721,0.522,0.161,0.0187,108,1.728158393
SND1,1.884,0.0298,1.729,0.532,0.161,0.0187,109,1.728158393
SOX2,1.515,0.0649,1.482,0.566,0.162,0.0192,110,1.716698771
RELA,2.799,0.00257,0.502,0.585,0.164,0.0197,111,1.705533774
ZNF202,1.076,0.141,1.512,0.606,0.165,0.0201,112,1.696803943
SOX10,1.343,0.0897,2.404,0.522,0.167,0.0209,113,1.679853714
ZNF783,1.713,0.0434,0.577,0.658,0.168,0.0213,114,1.671620397
STAT4,1.352,0.0881,2.227,0.523,0.17,0.022,115,1.657577319
MITF,1.616,0.0531,2.345,0.511,0.174,0.0239,116,1.621602099
PAX5,2.45,0.00714,1.496,0.522,0.176,0.0244,117,1.612610174
FOXP2,1.567,0.0585,2.418,0.511,0.176,0.0246,118,1.609064893
H2AZ,5.553,1.40E-08,0.051,0.593,0.177,0.0247,119,1.607303047
MED1,2.552,0.00536,0.067,0.654,0.177,0.0249,120,1.603800653
EED,1.004,0.158,1.381,0.642,0.177,0.0251,121,1.600326279
SMAD1,1.046,0.148,1.503,0.585,0.179,0.0257,122,1.590066877
ZNF674,1.476,0.07,1.805,0.534,0.179,0.0257,123,1.590066877
PSIP1,1.255,0.105,2.018,0.53,0.179,0.0258,124,1.588380294
RUNX3,1.348,0.0889,2.063,0.522,0.18,0.0264,125,1.578396073
GLI2,1.978,0.024,0.463,0.587,0.182,0.0269,126,1.57024772
DPPA2,1.227,0.11,2.612,0.515,0.182,0.0271,127,1.567030709
LMNA,1.052,0.146,2.077,0.536,0.182,0.0272,128,1.565431096
ZBTB14,1.667,0.0478,0.567,0.589,0.184,0.0279,129,1.554395797
BCL11A,1.199,0.115,2.091,0.527,0.185,0.0284,130,1.54668166
NR2F1,1.288,0.0989,1.931,0.53,0.185,0.0284,131,1.54668166
NR0B1,1.616,0.0531,1.004,0.565,0.186,0.0289,132,1.539102157
ZNF26,1.173,0.121,2.894,0.512,0.186,0.0291,133,1.536107011
NCOR2,1.686,0.0459,1.568,0.527,0.187,0.0294,134,1.53165267
ZNF483,1.579,0.0571,1.217,0.554,0.187,0.0296,135,1.528708289
RUNX1,1.884,0.0298,0.678,0.562,0.188,0.0297,136,1.527243551
ZNF257,1.279,0.101,2.202,0.518,0.188,0.0297,137,1.527243551
ZFP28,1.485,0.0688,2.509,0.506,0.189,0.0304,138,1.517126416
ZNF341,1.994,0.0231,1.312,0.527,0.19,0.0308,139,1.511449283
ZNF28,1.269,0.102,2.206,0.518,0.19,0.0308,140,1.511449283
NR2F2,1.287,0.099,1.29,0.561,0.191,0.0311,141,1.507239611
ZNF682,1.544,0.0612,2.204,0.51,0.191,0.0313,142,1.504455662
SPIB,1.636,0.051,1.994,0.511,0.192,0.0317,143,1.498940738
ZNF382,1.769,0.0385,2.573,0.492,0.192,0.0318,144,1.49757288
ZNF778,1.205,0.114,2.762,0.509,0.193,0.0326,145,1.4867824
NANOG,2.058,0.0198,1.544,0.516,0.194,0.0329,146,1.482804102
WDR5,2.096,0.0181,0.381,0.568,0.196,0.0337,147,1.472370099
PRDM14,1.251,0.105,2.195,0.517,0.196,0.0337,148,1.472370099
ZNF618,1.308,0.0954,1.968,0.52,0.196,0.0338,149,1.4710833
ZNF573,1.115,0.133,2.89,0.509,0.197,0.0342,150,1.465973894
ZNF263,1.582,0.0569,0.838,0.56,0.198,0.0352,151,1.453457337
ZNF654,1.751,0.04,1.633,0.517,0.199,0.0355,152,1.449771647
SOX11,1.185,0.118,2.5,0.51,0.2,0.0357,153,1.447331784
ZNF343,1.596,0.0553,0.897,0.557,0.2,0.0357,154,1.447331784
PROX1,1.245,0.107,1.229,0.56,0.2,0.0361,155,1.442492798
MAZ,2.538,0.00558,0.697,0.533,0.202,0.0373,156,1.428291168
ZNF317,1.398,0.081,2.518,0.498,0.206,0.0391,157,1.407823243
FGFR1,1.831,0.0335,0.42,0.562,0.206,0.0393,158,1.40560745
CHD8,0.907,0.182,1.69,0.552,0.207,0.0397,159,1.401209493
SP4,1.938,0.0263,1.203,0.523,0.207,0.0397,160,1.401209493
RBPJ,1.358,0.0872,0.64,0.577,0.207,0.04,161,1.397940009
SOX4,1.731,0.0418,1.857,0.505,0.207,0.04,162,1.397940009
NFKB2,1.565,0.0588,1.924,0.511,0.207,0.04,163,1.397940009
FANCD2,1.105,0.135,2.557,0.509,0.207,0.04,164,1.397940009
HIRA,1.119,0.132,1.536,0.54,0.208,0.0406,165,1.391473966
EMX1,2.018,0.0218,1.192,0.521,0.208,0.0408,166,1.389339837
PATZ1,2.061,0.0197,0.838,0.531,0.208,0.0408,167,1.389339837
IRAK4,1.604,0.0544,0.614,0.56,0.209,0.0412,168,1.385102784
ZNF335,1.752,0.0399,1.408,0.518,0.21,0.0414,169,1.382999659
BRD7,1.32,0.0934,1.733,0.521,0.21,0.0416,170,1.380906669
ZBTB6,1.727,0.0421,1.81,0.506,0.211,0.0421,171,1.375717904
ZNF425,1.075,0.141,2.556,0.507,0.211,0.0425,172,1.37161107
CHAT,1.284,0.0995,2.375,0.503,0.212,0.0427,173,1.369572125
DRAP1,1.345,0.0893,1.596,0.522,0.212,0.0432,174,1.364516253
FEZF1,1.474,0.0702,2.101,0.504,0.213,0.0436,175,1.360513511
BRD4,2.747,0.00301,-0.491,0.634,0.214,0.0438,176,1.358525889
UHRF2,1.478,0.0697,1.231,0.534,0.214,0.0438,177,1.358525889
CDK9,2.427,0.00761,-0.207,0.583,0.214,0.044,178,1.356547324
ZNF93,1.063,0.144,2.557,0.506,0.214,0.0443,179,1.353596274
CREBBP,0.939,0.174,1.312,0.563,0.215,0.0449,180,1.347753659
ZNF605,1.03,0.151,2.81,0.504,0.216,0.0452,181,1.344861565
ZNF182,1.067,0.143,2.443,0.506,0.216,0.0454,182,1.342944147
EBNA2,1.23,0.109,1.931,0.516,0.216,0.0454,183,1.342944147
ZNF585A,1.033,0.151,2.6,0.504,0.218,0.0465,184,1.332547047
ZNF467,1.264,0.103,1.748,0.518,0.22,0.0479,185,1.319664487
CBX8,0.955,0.17,0.986,0.587,0.22,0.0482,186,1.316952962
SS18,1.276,0.101,2.288,0.5,0.22,0.0482,187,1.316952962
GLIS2,1.91,0.0281,0.999,0.523,0.221,0.0484,188,1.315154638
POU5F1,2.083,0.0186,1.244,0.51,0.225,0.051,189,1.292429824
SMARCC1,1.343,0.0897,0.818,0.548,0.226,0.0518,190,1.28567024
TRIM25,1.035,0.15,0.536,0.601,0.227,0.0525,191,1.279840697
KDM6B,1.501,0.0666,1.532,0.515,0.228,0.053,192,1.27572413
ZBTB8A,1.774,0.0381,1.034,0.52,0.228,0.053,193,1.27572413
CTCFL,1.958,0.0251,0.974,0.519,0.229,0.0543,194,1.26520017
EZH1,1.362,0.0866,-0.126,0.709,0.231,0.0556,195,1.254925208
GFI1B,0.986,0.162,2.295,0.506,0.232,0.0561,196,1.251037139
ZKSCAN5,1.178,0.119,1.809,0.513,0.233,0.0566,197,1.247183569
IRF1,1.103,0.135,0.387,0.597,0.233,0.0571,198,1.243363892
CBX6,1.158,0.124,1.314,0.53,0.233,0.0571,199,1.243363892
ESCO2,1.197,0.116,1.734,0.514,0.233,0.0571,200,1.243363892
TCF7L1,1.36,0.0869,1.264,0.523,0.234,0.0574,201,1.241088108
ZNF479,1.02,0.154,2.296,0.504,0.235,0.0582,202,1.235077015
LYL1,1.705,0.0441,1.342,0.509,0.235,0.0587,203,1.231361899
ZNF2,1.41,0.0792,1.448,0.514,0.236,0.0593,204,1.226945307
ZNF133,0.921,0.179,2.663,0.498,0.239,0.0618,205,1.209011525
PHF6,1.548,0.0608,0.447,0.545,0.24,0.062,206,1.207608311
SMARCB1,1.044,0.148,0.311,0.607,0.24,0.0623,207,1.205511953
ZNF597,1.219,0.112,1.574,0.515,0.24,0.0623,208,1.205511953
EP300,0.596,0.275,0.689,0.695,0.243,0.0643,209,1.191789027
ASH1L,1.477,0.0698,0.649,0.534,0.243,0.0646,210,1.189767482
ZBTB7A,2.043,0.0205,-0.156,0.554,0.244,0.0657,211,1.18243463
MYF5,1.026,0.152,2.064,0.504,0.244,0.0657,212,1.18243463
ZNF169,0.983,0.163,2.213,0.501,0.246,0.0669,213,1.174573882
IRAK1,1.554,0.0601,0.344,0.546,0.246,0.0672,214,1.172630727
ZFP64,0.667,0.252,1.388,0.548,0.248,0.069,215,1.161150909
HDAC4,1.18,0.119,1.532,0.513,0.249,0.0693,216,1.159266765
ZBED1,1.513,0.0651,1.381,0.509,0.249,0.0699,217,1.155522824
TTF2,1.257,0.104,1.577,0.509,0.25,0.0705,218,1.151810883
ZBTB2,1.254,0.105,1.597,0.507,0.25,0.0705,219,1.151810883
ZNF441,1.281,0.1,1.18,0.519,0.254,0.0736,220,1.133122186
ZBTB42,1.015,0.155,1.969,0.503,0.254,0.0739,221,1.131355562
PRDM11,1.293,0.0981,1.348,0.511,0.255,0.0748,222,1.126098402
SUMO1,2.051,0.0201,0.982,0.504,0.256,0.0751,223,1.124360063
ZBTB48,1.759,0.0393,1.094,0.504,0.257,0.0761,224,1.118615343
ZNF485,0.903,0.183,2.308,0.496,0.257,0.0764,225,1.116906641
UBTF,1.622,0.0524,0.279,0.534,0.257,0.0767,226,1.115204636
KDM1B,0.874,0.191,2.495,0.494,0.257,0.0767,227,1.115204636
INTS11,1.784,0.0372,0.35,0.522,0.26,0.0793,228,1.100726813
STAT5A,1.177,0.12,1.279,0.517,0.261,0.0797,229,1.098541679
SMN1,0.849,0.198,2.469,0.493,0.261,0.0797,230,1.098541679
SRCAP,0.844,0.199,2.445,0.493,0.262,0.0813,231,1.089909454
ZNF141,0.957,0.169,2.002,0.5,0.263,0.082,232,1.086186148
BACH2,1.413,0.0788,1.126,0.511,0.265,0.0837,233,1.077274542
ZNF445,0.923,0.178,1.999,0.498,0.268,0.0868,234,1.061480275
DMC1,0.888,0.187,2.176,0.495,0.268,0.0868,235,1.061480275
ZNF512,1.212,0.113,1.72,0.496,0.269,0.0875,236,1.057991947
CHD7,0.667,0.252,0.891,0.555,0.271,0.09,237,1.045757491
KDM1A,0.704,0.241,1.149,0.537,0.272,0.0903,238,1.04431225
ZNF506,0.858,0.195,2.187,0.493,0.272,0.0903,239,1.04431225
ZNF793,1.008,0.157,2.107,0.49,0.272,0.091,240,1.040958608
HOTAIR,1.241,0.107,1.949,0.485,0.275,0.094,241,1.026872146
ERCC6,0.453,0.325,0.593,0.584,0.276,0.0947,242,1.023650021
CBX5,0.754,0.225,1.534,0.515,0.278,0.0969,243,1.013676223
OSR2,1.115,0.133,1.785,0.492,0.279,0.0973,244,1.01188716
SATB1,0.649,0.258,2.287,0.496,0.279,0.0973,245,1.01188716
SPIN1,1.418,0.0781,0.294,0.528,0.28,0.0984,246,1.007004902
SP1,1.11,0.134,-0.376,0.591,0.282,0.101,247,0.995678626
TAL1,0.288,0.387,1.035,0.567,0.283,0.102,248,0.991399828
ZNF35,0.906,0.182,1.824,0.496,0.285,0.104,249,0.982966661
ZBTB16,1.097,0.136,1.514,0.497,0.286,0.105,250,0.978810701
LMO2,1.34,0.0901,1.189,0.5,0.287,0.106,251,0.974694135
CDK2,0.925,0.177,2.035,0.488,0.287,0.106,252,0.974694135
ZSCAN20,1.067,0.143,1.726,0.491,0.289,0.108,253,0.966576245
TERF1,1.011,0.156,1.465,0.503,0.289,0.108,254,0.966576245
CTNNB1,0.925,0.178,1.689,0.498,0.289,0.108,255,0.966576245
MYNN,0.472,0.319,1.036,0.539,0.292,0.112,256,0.950781977
EGR3,0.984,0.163,1.498,0.501,0.292,0.112,257,0.950781977
TERF2,0.995,0.16,1.409,0.502,0.295,0.115,258,0.93930216
ZNF22,0.773,0.22,2.089,0.489,0.295,0.116,259,0.935542011
MAX,1.69,0.0455,-0.093,0.521,0.296,0.117,260,0.931814138
ZFX,1.509,0.0656,0.203,0.519,0.297,0.118,261,0.928117993
ZNF610,0.909,0.182,-0.288,0.586,0.298,0.119,262,0.924453039
TCF4,-0.054,0.521,0.986,0.581,0.298,0.119,263,0.924453039
ZNF248,0.673,0.25,2.436,0.483,0.299,0.12,264,0.920818754
NME2,0.884,0.188,1.868,0.49,0.299,0.121,265,0.91721463
SETD1A,1.06,0.145,0.151,0.535,0.302,0.124,266,0.906578315
ZNF490,0.686,0.246,2.26,0.484,0.303,0.125,267,0.903089987
CEBPA,0.547,0.292,0.549,0.546,0.303,0.126,268,0.899629455
CHD1,1.125,0.13,-0.755,0.591,0.304,0.127,269,0.896196279
POU2F2,0.957,0.169,0.96,0.514,0.304,0.127,270,0.896196279
SON,0.985,0.162,1.285,0.501,0.306,0.129,271,0.88941029
ZNF320,0.805,0.21,1.777,0.491,0.306,0.129,272,0.88941029
PHIP,1.625,0.0521,-0.808,0.553,0.307,0.13,273,0.886056648
RPE,1.756,0.0395,-0.224,0.518,0.309,0.133,274,0.876148359
VDR,1.032,0.151,0.534,0.518,0.31,0.134,275,0.872895202
E2F7,0.659,0.255,0.4,0.544,0.312,0.137,276,0.863279433
TERC,1.162,0.123,1.548,0.481,0.313,0.138,277,0.860120914
EGR2,1.134,0.128,0.67,0.506,0.316,0.142,278,0.847711656
JUNB,0.294,0.384,0.516,0.556,0.317,0.143,279,0.844663963
PRDM10,1.05,0.147,1.412,0.487,0.319,0.146,280,0.835647144
IKZF2,1.104,0.135,1.283,0.49,0.319,0.146,281,0.835647144
NFATC1,1.296,0.0975,0.195,0.512,0.322,0.151,282,0.821023053
GATA2,-0.279,0.61,1.081,0.556,0.323,0.151,283,0.821023053
ZNF423,1.193,0.117,0.779,0.495,0.327,0.157,284,0.804100348
ZNF287,0.507,0.306,2.293,0.474,0.328,0.159,285,0.798602876
JMJD1C,1.027,0.152,0.811,0.5,0.329,0.16,286,0.795880017
EOMES,0.898,0.185,1.566,0.484,0.329,0.161,287,0.793174124
NFIC,0.383,0.351,0.598,0.533,0.331,0.163,288,0.787812396
RBBP5,1.141,0.127,-0.597,0.544,0.334,0.167,289,0.777283529
RBL1,0.8,0.212,1.403,0.49,0.334,0.167,290,0.777283529
LANA,0.77,0.221,0.07,0.533,0.334,0.168,291,0.774690718
RFX5,0.729,0.233,0.12,0.534,0.334,0.168,292,0.774690718
POLR3D,-0.618,0.732,0.729,0.589,0.337,0.172,293,0.764471553
STAT3,0.014,0.494,-0.061,0.615,0.337,0.173,294,0.761953897
ZNF84,0.56,0.288,1.997,0.478,0.337,0.173,295,0.761953897
ZNF366,0.795,0.213,1.302,0.492,0.338,0.173,296,0.761953897
ZNF692,1.122,0.131,0.823,0.491,0.338,0.173,297,0.761953897
SMARCE1,0.266,0.395,1.099,0.519,0.339,0.175,298,0.756961951
REL,1.022,0.153,0.1,0.518,0.339,0.175,299,0.756961951
ARID2,1.252,0.105,0.03,0.511,0.339,0.175,300,0.756961951
SSU72,0.801,0.212,1.303,0.49,0.339,0.175,301,0.756961951
SP7,1.028,0.152,1.158,0.486,0.341,0.178,302,0.749579998
ZNF600,1.014,0.155,1.197,0.486,0.341,0.179,303,0.747146969
POU2F1,0.458,0.324,2.184,0.472,0.342,0.18,304,0.744727495
TRIM24,0.272,0.393,0.459,0.539,0.343,0.181,305,0.742321425
IRF5,0.59,0.278,1.86,0.479,0.343,0.181,306,0.742321425
LMTK3,0.599,0.275,1.751,0.482,0.343,0.182,307,0.739928612
KLF9,1.049,0.147,-0.51,0.537,0.343,0.182,308,0.739928612
ZNF780A,0.5,0.309,2.01,0.474,0.344,0.183,309,0.73754891
ZNF766,0.536,0.296,1.417,0.493,0.345,0.185,310,0.732828272
ZNF671,0.587,0.279,1.83,0.479,0.346,0.186,311,0.730487056
SMAD2-SMAD3,0.764,0.223,0.968,0.499,0.347,0.187,312,0.728158393
SCML2,0.983,0.163,0.991,0.491,0.347,0.188,313,0.725842151
WT1,0.93,0.176,1.118,0.487,0.35,0.193,314,0.714442691
ZNF362,0.799,0.212,1.469,0.479,0.35,0.193,315,0.714442691
RAG2,1.058,0.145,0.238,0.506,0.351,0.195,316,0.709965389
GLIS1,0.896,0.185,0.736,0.496,0.353,0.198,317,0.70333481
ERG,0.034,0.487,-0.366,0.629,0.354,0.199,318,0.701146924
MTA2,0.237,0.406,0.419,0.532,0.357,0.204,319,0.690369833
ZNF770,0.639,0.262,1.56,0.481,0.358,0.206,320,0.68613278
ZNF675,0.425,0.335,2.026,0.47,0.358,0.206,321,0.68613278
KLF12,1.064,0.144,0.056,0.506,0.358,0.207,322,0.684029655
PHF2,1.299,0.097,-0.38,0.511,0.359,0.209,323,0.679853714
MAFK,0.294,0.385,1.037,0.509,0.36,0.21,324,0.677780705
PAX6,0.438,0.331,1.813,0.476,0.361,0.211,325,0.675717545
ZNF430,0.398,0.345,2.011,0.469,0.363,0.215,326,0.66756154
ZSCAN16,0.289,0.386,0.778,0.513,0.363,0.216,327,0.665546249
ZNF440,0.406,0.342,1.986,0.469,0.364,0.217,328,0.663540266
BCLAF1,0.443,0.329,0.134,0.528,0.365,0.218,329,0.661543506
SMAD2,0.791,0.215,1.323,0.476,0.365,0.218,330,0.661543506
MXI1,0.773,0.22,-0.568,0.54,0.366,0.219,331,0.659555885
LMNB1,0.555,0.29,1.565,0.477,0.367,0.222,332,0.653647026
PDX1,0.525,0.3,1.409,0.483,0.369,0.225,333,0.647817482
RUNX1T1,0.965,0.167,0.807,0.484,0.37,0.227,334,0.643974143
FUS,0.882,0.189,0.909,0.485,0.371,0.229,335,0.640164518
ZNF17,0.39,0.348,1.937,0.468,0.373,0.232,336,0.634512015
ZMYND8,0.713,0.238,-0.34,0.528,0.373,0.233,337,0.632644079
HEXIM1,0.448,0.327,-0.497,0.554,0.373,0.233,338,0.632644079
ZNF92,0.568,0.285,1.427,0.478,0.373,0.234,339,0.630784143
ZNF101,0.46,0.323,1.608,0.473,0.375,0.236,340,0.627087997
ZNF800,0.493,0.311,1.729,0.469,0.376,0.238,341,0.623423043
ASCL1,-0.437,0.669,0.821,0.529,0.377,0.24,342,0.619788758
KDM3B,0.734,0.232,0.398,0.5,0.378,0.242,343,0.616184634
ZNF547,0.102,0.459,0.038,0.542,0.378,0.242,344,0.616184634
PARP1,0.374,0.354,1.928,0.467,0.378,0.242,345,0.616184634
ZNF549,0.375,0.354,1.889,0.467,0.378,0.242,346,0.616184634
SCRT2,0.621,0.267,1.447,0.472,0.379,0.244,347,0.612610174
BRD2,0.726,0.234,-0.78,0.545,0.379,0.244,348,0.612610174
TBL1XR1,0.341,0.367,0.071,0.525,0.381,0.248,349,0.605548319
INO80,0.184,0.427,-0.643,0.577,0.382,0.25,350,0.602059991
ZNF136,0.267,0.395,2.102,0.461,0.382,0.25,351,0.602059991
TARDBP,0.659,0.255,0.043,0.512,0.383,0.252,352,0.598599459
TFAP2A,-0.242,0.596,0.301,0.539,0.384,0.252,353,0.598599459
TCF12,-0.018,0.507,0.276,0.531,0.384,0.253,354,0.596879479
TRIM28,-1.291,0.902,0.907,0.58,0.385,0.256,355,0.591760035
TEAD1,0.263,0.396,0.762,0.504,0.386,0.257,356,0.590066877
H3F3B,0.379,0.352,1.743,0.468,0.386,0.258,357,0.588380294
DDX5,0.213,0.416,1.15,0.495,0.387,0.258,358,0.588380294
ZNF429,0.35,0.363,1.847,0.466,0.387,0.258,359,0.588380294
ZNF304,0.374,0.354,1.756,0.467,0.387,0.259,360,0.586700236
ZNF281,0.78,0.218,0.526,0.489,0.388,0.26,361,0.585026652
HDAC2,0.384,0.35,-0.847,0.568,0.388,0.261,362,0.583359493
CENPT,0.288,0.387,1.94,0.462,0.39,0.265,363,0.576754126
PMEL,0.65,0.258,0.191,0.505,0.391,0.267,364,0.573488739
MAPK1,0.917,0.18,-0.339,0.51,0.392,0.268,365,0.571865206
MGEA5,0.692,0.245,0.693,0.484,0.394,0.273,366,0.563837353
MLLT1,0.544,0.293,-0.269,0.519,0.395,0.274,367,0.562249437
ZNF823,0.368,0.357,1.684,0.467,0.395,0.274,368,0.562249437
ZNF189,0.797,0.213,0.358,0.49,0.396,0.276,369,0.559090918
HDAC3,-0.375,0.646,0.543,0.522,0.397,0.278,370,0.555955204
ASXL1,0.899,0.184,0.023,0.496,0.397,0.279,371,0.554395797
ZNF664,0.541,0.294,1.264,0.471,0.399,0.281,372,0.55129368
TAF1,0.982,0.163,-0.773,0.518,0.399,0.282,373,0.549750892
ZIC2,0.84,0.201,0.157,0.493,0.4,0.284,374,0.54668166
CBFA2T2,0.437,0.331,1.338,0.471,0.401,0.286,375,0.543633967
PRKDC,0.419,0.338,0.506,0.496,0.401,0.286,376,0.543633967
ZNF394,0.826,0.204,0.487,0.482,0.403,0.289,377,0.539102157
ZXDB,0.966,0.167,0.261,0.484,0.403,0.291,378,0.536107011
CEBPB,-0.722,0.765,0.356,0.546,0.404,0.291,379,0.536107011
HIC1,0.754,0.225,0.58,0.48,0.404,0.291,380,0.536107011
ATF4,0.113,0.455,1.103,0.491,0.405,0.294,381,0.53165267
CEBPD,0.173,0.431,-0.021,0.521,0.405,0.294,382,0.53165267
MECP2,0.853,0.197,-0.126,0.497,0.405,0.295,383,0.530177984
NR3C1,-1.522,0.936,0.53,0.607,0.408,0.299,384,0.524328812
MYB,0.713,0.238,0.409,0.486,0.411,0.305,385,0.515700161
MYCN,0.5,0.309,-0.644,0.524,0.412,0.309,386,0.510041521
ZNF563,0.347,0.364,1.451,0.465,0.413,0.31,387,0.508638306
TBL1X,0.72,0.236,0.335,0.486,0.414,0.313,388,0.504455662
WRNIP1,0.641,0.261,0.541,0.481,0.415,0.314,389,0.503070352
FOXH1,0.421,0.337,1.278,0.466,0.417,0.318,390,0.49757288
AR,-2.293,0.989,1.075,0.621,0.418,0.321,391,0.493494968
TOP1,0.682,0.248,0.633,0.471,0.42,0.324,392,0.48945499
YAP1,-0.128,0.551,0.368,0.51,0.421,0.326,393,0.4867824
CTBP2,0.087,0.466,-0.073,0.518,0.421,0.327,394,0.485452247
ETS1,0.375,0.354,-0.75,0.531,0.421,0.327,395,0.485452247
BHLHE40,0.168,0.433,-0.453,0.528,0.422,0.328,396,0.484126156
MAF,0.229,0.41,0.715,0.488,0.422,0.328,397,0.484126156
MBD2,-0.503,0.692,-0.91,0.662,0.423,0.33,398,0.48148606
PHF8,0.735,0.231,-0.866,0.519,0.423,0.33,399,0.48148606
CCND2,0.717,0.237,0.21,0.486,0.423,0.331,400,0.480172006
GPS2,0.653,0.257,0.344,0.482,0.427,0.34,401,0.468521083
LEO1,0.48,0.316,0.649,0.473,0.429,0.343,402,0.46470588
ZNF501,0.83,0.203,-0.054,0.485,0.429,0.344,403,0.463441557
KLF8,0.74,0.23,-0.111,0.489,0.431,0.349,404,0.457174573
BRPF3,1.244,0.107,-0.692,0.488,0.432,0.349,405,0.457174573
HCFC1R1,0.366,0.357,1.104,0.467,0.432,0.35,406,0.455931956
STAT1,0.356,0.361,-0.226,0.509,0.433,0.352,407,0.453457337
CDCA2,0.313,0.377,1.209,0.463,0.433,0.352,408,0.453457337
ZNF75D,0.124,0.451,1.508,0.458,0.434,0.354,409,0.450996738
JUN,-0.623,0.733,0.054,0.53,0.437,0.362,410,0.441291429
NOTCH1,-0.614,0.73,-0.948,0.614,0.441,0.369,411,0.432973634
CDK7,0.459,0.323,-0.799,0.518,0.441,0.369,412,0.432973634
CBX4,0.719,0.236,-0.121,0.486,0.441,0.369,413,0.432973634
REPIN1,0.002,0.499,0.615,0.488,0.442,0.372,414,0.42945706
ZNF680,-0.599,0.726,1.052,0.495,0.442,0.372,415,0.42945706
ZFP2,0.571,0.284,-0.114,0.489,0.445,0.377,416,0.42365865
ZNF695,0.514,0.304,0.339,0.475,0.446,0.38,417,0.420216403
KDM4C,0.784,0.217,-0.415,0.489,0.447,0.382,418,0.417936637
ETV1,-0.308,0.621,-1.082,0.569,0.448,0.383,419,0.416801226
RARA,-0.796,0.787,-0.414,0.556,0.448,0.383,420,0.416801226
BIRA,-0.045,0.518,1.011,0.476,0.448,0.383,421,0.416801226
ZNF134,0.212,0.416,1.24,0.458,0.448,0.384,422,0.415668776
KDM5B,0.739,0.23,-0.421,0.49,0.451,0.39,423,0.408935393
ZFP37,0.742,0.229,-0.075,0.477,0.451,0.39,424,0.408935393
ZNF740,0.292,0.385,0.023,0.492,0.451,0.391,425,0.407823243
BRD9,0.499,0.309,0.414,0.469,0.452,0.394,426,0.404503778
CDK8,0.329,0.371,-0.71,0.514,0.453,0.394,427,0.404503778
ZNF436,0.258,0.398,1.062,0.46,0.453,0.394,428,0.404503778
MCM2,0.129,0.449,1.294,0.453,0.453,0.396,429,0.402304814
HMGN3,0.654,0.257,-0.116,0.482,0.453,0.396,430,0.402304814
NR4A1,-0.164,0.565,0.245,0.496,0.455,0.4,431,0.397940009
EHMT2,-0.223,0.588,1.201,0.471,0.456,0.401,432,0.396855627
ZNF711,0.662,0.254,-0.183,0.482,0.457,0.403,433,0.394694954
SKI,0.401,0.344,0.416,0.469,0.462,0.414,434,0.382999659
TET1,0.678,0.249,-0.331,0.483,0.462,0.415,435,0.381951903
SMAD3,-0.463,0.679,0.306,0.502,0.462,0.416,436,0.380906669
SP2,0.349,0.364,-0.83,0.512,0.465,0.422,437,0.374687549
ZFP69B,0.607,0.272,-0.096,0.473,0.468,0.429,438,0.367542708
ZNF768,0.142,0.443,1.03,0.454,0.469,0.43,439,0.366531544
ZNF121,0.393,0.347,0.502,0.461,0.469,0.43,440,0.366531544
DROSHA,0.652,0.257,-0.424,0.485,0.469,0.43,441,0.366531544
LARP7,-1.245,0.894,-0.424,0.569,0.469,0.431,442,0.36552273
HLF,0.131,0.448,1.073,0.451,0.469,0.432,443,0.364516253
GATA1,-0.569,0.715,0.647,0.49,0.471,0.436,444,0.360513511
KLF16,0.223,0.412,0.607,0.462,0.472,0.436,445,0.360513511
E2F6,0.507,0.306,-0.861,0.501,0.473,0.439,446,0.35753548
STAT5,-0.199,0.579,0.167,0.491,0.476,0.446,447,0.350665141
NFE2L1,-0.428,0.666,0.631,0.482,0.476,0.447,448,0.349692477
PBX1,-0.404,0.657,0.217,0.494,0.477,0.449,449,0.347753659
LDB1,0.097,0.461,1.002,0.451,0.478,0.452,450,0.344861565
TBP,0.218,0.414,-1.015,0.517,0.48,0.455,451,0.341988603
BCL11B,0.687,0.246,-0.502,0.48,0.48,0.456,452,0.341035157
TFAP4,-0.473,0.682,-0.709,0.524,0.481,0.457,453,0.3400838
BTAF1,0.228,0.41,0.539,0.459,0.481,0.458,454,0.339134522
PML,-0.497,0.69,-0.584,0.521,0.482,0.46,455,0.337242168
MAFF,-0.035,0.514,1.003,0.453,0.483,0.462,456,0.335358024
MLLT3,0.355,0.361,0.252,0.466,0.483,0.463,457,0.334419009
MAFG,0.027,0.489,1.007,0.447,0.484,0.465,458,0.332547047
SCRT1,0.008,0.497,0.769,0.458,0.484,0.465,459,0.332547047
MORC2,0.121,0.452,-0.373,0.493,0.486,0.469,460,0.328827157
CCNT2,0.448,0.327,-0.137,0.472,0.486,0.469,461,0.328827157
HSF1,-0.317,0.624,-1.299,0.549,0.487,0.47,462,0.327902142
SF1,-0.144,0.557,1.274,0.439,0.488,0.473,463,0.325138859
ZNF554,0.118,0.453,0.649,0.452,0.49,0.477,464,0.321481621
TEAD1-TEAD4,0.126,0.45,0.59,0.453,0.492,0.482,465,0.316952962
FOXP3,0.357,0.361,-0.061,0.471,0.492,0.482,466,0.316952962
HDAC1,-0.286,0.613,-1.251,0.537,0.495,0.489,467,0.310691141
SNAI2,-0.43,0.666,0.007,0.491,0.498,0.496,468,0.304518324
RXRG,0.004,0.499,-0.03,0.478,0.501,0.503,469,0.298432015
SP3,0.644,0.26,-0.643,0.474,0.501,0.503,470,0.298432015
FOS,-0.946,0.828,-0.002,0.509,0.503,0.506,471,0.295849483
ERF,-0.21,0.583,0.712,0.453,0.503,0.506,472,0.295849483
NKX2-1,-0.744,0.772,0.282,0.492,0.503,0.507,473,0.294992041
TSC22D4,-1.502,0.933,0.138,0.523,0.503,0.507,474,0.294992041
EGR1,0.08,0.468,-1.106,0.513,0.505,0.511,475,0.2915791
CUX1,-1.513,0.935,-0.461,0.554,0.506,0.514,476,0.289036881
JUND,-1.693,0.955,-0.473,0.572,0.508,0.519,477,0.284832642
PR,-4.78,1,-0.216,0.624,0.508,0.519,478,0.284832642
ZNF414,0.437,0.331,-0.542,0.473,0.51,0.523,479,0.281498311
TEAD4,-2.003,0.977,-0.351,0.578,0.512,0.526,480,0.279014256
ATF7IP,-0.454,0.675,0.807,0.456,0.512,0.526,481,0.279014256
ATF3,-0.788,0.785,-0.9,0.529,0.515,0.533,482,0.273272791
HOXB13,-0.958,0.831,0.926,0.474,0.515,0.533,483,0.273272791
KLF17,0.45,0.326,-0.441,0.465,0.517,0.537,484,0.270025714
ZSCAN22,0.466,0.321,-0.69,0.469,0.523,0.551,485,0.258848401
INTS3,0.208,0.417,-0.066,0.457,0.524,0.554,486,0.256490235
ARID1A,-0.384,0.649,0.559,0.449,0.526,0.558,487,0.253365801
AFF4,0.184,0.427,-0.871,0.489,0.528,0.562,488,0.250263684
TSHZ1,0.058,0.477,0.156,0.452,0.528,0.562,489,0.250263684
MAFB,0.277,0.391,-0.269,0.461,0.528,0.562,490,0.250263684
GATA3,-5.302,1,0.196,0.545,0.531,0.569,491,0.244887734
TCOF1,0.391,0.348,-0.68,0.468,0.531,0.57,492,0.244125144
POLR2A,-1.744,0.959,-1.063,0.616,0.533,0.573,493,0.241845378
YY1,-0.951,0.829,-1.094,0.535,0.533,0.573,494,0.241845378
TLX1,-0.038,0.515,0.305,0.444,0.534,0.577,495,0.238824187
ZNF707,-1.013,0.845,0.433,0.481,0.536,0.581,496,0.235823868
POU3F2,-0.012,0.505,0.072,0.45,0.536,0.581,497,0.235823868
CHD2,-0.132,0.552,-1.382,0.513,0.537,0.583,498,0.234331445
FAM208A,0.42,0.337,-0.719,0.463,0.54,0.59,499,0.229147988
BRD1,0.436,0.331,-0.914,0.471,0.544,0.598,500,0.223298816
DEK,0.105,0.458,-0.42,0.462,0.546,0.604,501,0.218963061
TLE3,-0.836,0.799,0.865,0.448,0.547,0.604,502,0.218963061
GTF2B,-1.012,0.844,-1.066,0.524,0.547,0.606,503,0.217527376
L3MBTL2,0.051,0.48,-0.15,0.449,0.548,0.607,504,0.216811309
ZNF18,-0.119,0.547,-0.487,0.471,0.548,0.607,505,0.216811309
ZNF346,0.306,0.38,-0.655,0.46,0.55,0.612,506,0.213248578
RUNX2,-0.668,0.748,0.009,0.471,0.552,0.616,507,0.210419288
HMBOX1,-0.183,0.573,0.189,0.436,0.556,0.624,508,0.20481541
ZNF765,-0.428,0.666,0.708,0.424,0.556,0.625,509,0.204119983
MKL1,0.148,0.441,-0.485,0.454,0.558,0.628,510,0.202040356
NFE2L2,-0.818,0.793,-0.347,0.488,0.558,0.629,511,0.201349355
BRD3,-0.522,0.699,-1.348,0.513,0.559,0.63,512,0.200659451
FOSL1,-0.949,0.829,-0.407,0.492,0.559,0.632,513,0.199282922
PKNOX1,-0.262,0.603,0.173,0.437,0.56,0.634,514,0.197910742
NFIA,-0.509,0.695,0,0.459,0.562,0.637,515,0.195860568
ING2,0.158,0.437,-0.557,0.455,0.562,0.637,516,0.195860568
RFX1,-0.67,0.749,0.101,0.462,0.562,0.638,517,0.195179321
BACH1,-0.664,0.747,-0.587,0.486,0.564,0.641,518,0.19314197
BPTF,0.216,0.414,-0.717,0.458,0.564,0.641,519,0.19314197
ZNF284,-0.391,0.652,0.516,0.426,0.564,0.643,520,0.191789027
ELK3,0.191,0.424,-0.684,0.456,0.564,0.643,521,0.191789027
DACOR1,-0.484,0.686,0.731,0.421,0.566,0.646,522,0.189767482
RB1,-0.74,0.77,-1.11,0.508,0.568,0.649,523,0.187755303
GATA6,-1.915,0.972,0.5,0.495,0.569,0.652,524,0.185752404
HIF1A,-0.561,0.713,-0.201,0.463,0.57,0.654,525,0.184422252
ZNF558,-0.197,0.578,-0.21,0.445,0.571,0.657,526,0.18243463
CDX2,-2.072,0.981,-0.527,0.531,0.572,0.658,527,0.181774106
LMO1,-0.13,0.552,-0.202,0.439,0.572,0.658,528,0.181774106
CD59,-0.118,0.547,-0.219,0.44,0.572,0.659,529,0.181114585
LHX2,-0.782,0.783,-0.227,0.473,0.572,0.659,530,0.181114585
EP400,0.051,0.48,-0.489,0.448,0.572,0.659,531,0.181114585
KLF1,-0.149,0.559,-0.992,0.48,0.573,0.66,532,0.180456064
NFE2,-0.689,0.755,-0.487,0.478,0.574,0.662,533,0.179142011
USF2,-0.454,0.675,-1.183,0.496,0.574,0.662,534,0.179142011
GLYR1,0.191,0.424,-0.825,0.456,0.576,0.666,535,0.176525771
KDM5C,-0.08,0.532,-1.141,0.482,0.579,0.673,536,0.171984936
ZMYM3,-1.771,0.962,-0.562,0.521,0.579,0.674,537,0.171340103
ZNF140,-1.108,0.866,0.472,0.457,0.579,0.674,538,0.171340103
KAT7,0.295,0.384,-1.083,0.462,0.579,0.674,539,0.171340103
C11orf30,-0.396,0.654,-0.134,0.442,0.58,0.675,540,0.170696227
SUMO2,-1.804,0.964,0.354,0.492,0.58,0.676,541,0.170053304
FOXA1,-8.886,1,0.195,0.515,0.581,0.677,542,0.169411331
ZNF788,-0.471,0.681,0.122,0.435,0.581,0.677,543,0.169411331
ZNF697,-0.485,0.686,0.268,0.431,0.581,0.677,544,0.169411331
ZNF580,0.01,0.496,-0.64,0.449,0.582,0.68,545,0.167491087
ZNF146,-0.463,0.678,-0.157,0.446,0.583,0.682,546,0.166215625
E2F5,-0.038,0.515,-0.576,0.448,0.583,0.682,547,0.166215625
POLR2M,-0.107,0.542,-1.084,0.474,0.585,0.686,548,0.163675884
ZNF71,0.104,0.459,-0.891,0.459,0.585,0.686,549,0.163675884
MED12,-0.322,0.626,-0.731,0.464,0.586,0.688,550,0.162411562
ESR1,-24.681,1,-0.986,0.575,0.586,0.688,551,0.162411562
ZNF528,0.016,0.494,-0.692,0.447,0.587,0.691,552,0.160521953
ZBTB17,-0.67,0.749,-1.143,0.496,0.588,0.693,553,0.159266765
ILK,-0.717,0.763,0.52,0.425,0.588,0.693,554,0.159266765
ZEB2,-0.62,0.732,-1.135,0.491,0.594,0.705,555,0.151810883
INSM2,-0.086,0.534,-0.736,0.447,0.596,0.708,556,0.149966742
USF1,-0.476,0.683,-1.602,0.503,0.596,0.708,557,0.149966742
MCRS1,0.111,0.456,-0.931,0.452,0.597,0.711,558,0.148130399
SIN3A,-0.759,0.776,-1.624,0.512,0.598,0.712,559,0.147520006
CSNK2A1,-0.031,0.512,-0.76,0.445,0.6,0.716,560,0.145086978
ZNF391,-0.13,0.552,-0.957,0.462,0.6,0.717,561,0.144480844
THAP1,0.075,0.47,-0.92,0.45,0.601,0.717,562,0.144480844
ZNF8,-0.898,0.815,-0.178,0.46,0.602,0.72,563,0.142667504
MYC,-3.289,1,-1.526,0.612,0.603,0.722,564,0.141462802
OGT,-0.421,0.663,-1.156,0.48,0.603,0.722,565,0.141462802
XRN2,-0.41,0.659,-1.128,0.477,0.604,0.724,566,0.140261434
PPARD,-0.188,0.575,-0.612,0.436,0.605,0.726,567,0.139063379
ZNF438,-0.369,0.644,-0.546,0.442,0.605,0.726,568,0.139063379
NKX3-1,-0.782,0.783,0.471,0.418,0.606,0.728,569,0.137868621
KDM6A,-0.303,0.619,-0.359,0.43,0.606,0.729,570,0.137272472
NIPBL,-1.371,0.915,-1.903,0.546,0.607,0.73,571,0.13667714
POLR2B,-0.227,0.59,-1.081,0.466,0.607,0.73,572,0.13667714
BANP,-0.707,0.76,-0.142,0.439,0.607,0.73,573,0.13667714
RCOR1,-1.147,0.874,-1.543,0.518,0.609,0.733,574,0.134896025
ZNF574,0.013,0.495,-0.942,0.447,0.61,0.735,575,0.133712661
DAXX,-0.48,0.685,-0.176,0.43,0.61,0.735,576,0.133712661
ZBTB1,-0.33,0.629,-0.685,0.444,0.61,0.735,577,0.133712661
LEF1,-0.554,0.71,-1.013,0.473,0.61,0.736,578,0.133122186
ZNF350,-0.315,0.624,-0.396,0.43,0.611,0.737,579,0.132532512
ING5,-0.38,0.648,-0.291,0.426,0.613,0.742,580,0.129596095
POLR2H,-0.261,0.603,-0.731,0.436,0.617,0.748,581,0.126098402
CEBPG,-1.046,0.852,0.057,0.441,0.618,0.75,582,0.124938737
UBE2I,-0.269,0.606,-0.628,0.432,0.618,0.751,583,0.124360063
ZNF280A,-0.729,0.767,0.32,0.407,0.622,0.758,584,0.120330794
ELF1,-1.527,0.937,-2.014,0.551,0.623,0.761,585,0.118615343
ZBTB40,-1.632,0.949,-1.685,0.541,0.624,0.762,586,0.118045029
ADNP,-0.422,0.664,-0.616,0.433,0.626,0.765,587,0.116338565
PGBD3,-0.47,0.681,-0.321,0.422,0.628,0.769,588,0.11407366
ZNF264,-0.831,0.797,-0.864,0.469,0.628,0.77,589,0.113509275
MBOAT4,-0.22,0.587,-0.868,0.435,0.63,0.773,590,0.111820506
AGO1,-0.665,0.747,-0.33,0.428,0.634,0.781,591,0.107348966
ZNF331,-0.837,0.799,0.393,0.4,0.634,0.781,592,0.107348966
ZNF808,-0.868,0.807,0.474,0.398,0.635,0.781,593,0.107348966
FOSL2,-6.893,1,-0.946,0.526,0.636,0.783,594,0.106238238
TAF3,-0.019,0.508,-1.209,0.445,0.636,0.783,595,0.106238238
H2AFX,-1.929,0.973,-0.512,0.494,0.636,0.784,596,0.105683937
PRDM12,-0.867,0.807,0.428,0.398,0.636,0.784,597,0.105683937
ZNF324,-0.221,0.587,-1.094,0.444,0.637,0.785,598,0.105130343
ERCC3,-0.448,0.673,-0.568,0.423,0.641,0.791,599,0.101823517
HDAC6,-0.333,0.631,-0.894,0.434,0.641,0.791,600,0.101823517
GTF2A2,-0.608,0.729,-0.252,0.414,0.643,0.795,601,0.099632871
OVOL3,-0.546,0.707,-0.752,0.434,0.643,0.796,602,0.099086932
BAHD1,-1.385,0.917,0.607,0.412,0.644,0.797,603,0.098541679
CDK12,-0.17,0.567,-1.125,0.437,0.644,0.797,604,0.098541679
LRWD1,-0.968,0.834,0.523,0.39,0.644,0.797,605,0.098541679
FOXJ2,-0.511,0.695,-0.744,0.431,0.645,0.799,606,0.097453221
ZMIZ1,-0.369,0.644,-0.961,0.435,0.645,0.799,607,0.097453221
KLF7,-0.315,0.624,-1.179,0.448,0.645,0.799,608,0.097453221
SAP30,-0.615,0.731,-1.384,0.473,0.646,0.801,609,0.096367484
MEF2D,-0.771,0.78,-0.29,0.421,0.651,0.809,610,0.092051478
DNMT3A,-0.916,0.82,-1.254,0.478,0.651,0.809,611,0.092051478
ZNF781,-1.071,0.858,0.22,0.408,0.652,0.811,612,0.090979146
ERCC2,-0.581,0.719,-0.465,0.416,0.653,0.812,613,0.090443971
ZNF16,-1.03,0.848,-0.257,0.43,0.654,0.814,614,0.089375595
NFYB,-0.84,0.8,-1.084,0.464,0.655,0.816,615,0.088309841
U2AF1,-0.48,0.684,-1.08,0.439,0.656,0.816,616,0.088309841
PBX2,-1.092,0.863,-0.842,0.461,0.657,0.819,617,0.086716098
MTA3,-1.597,0.945,-1.795,0.52,0.657,0.819,618,0.086716098
ORC1,-0.274,0.608,-1.107,0.432,0.658,0.82,619,0.086186148
CENPC,-1.042,0.851,0.442,0.383,0.658,0.82,620,0.086186148
SFPQ,-0.995,0.84,0.37,0.388,0.659,0.821,621,0.085656843
SIRT6,-0.644,0.74,-0.459,0.412,0.66,0.823,622,0.084600165
NOTCH3,-1.016,0.845,0.368,0.386,0.661,0.824,623,0.084072788
ZNF586,-1.057,0.855,0.421,0.382,0.662,0.827,624,0.08249449
CDK6,-0.196,0.578,-1.382,0.436,0.666,0.832,625,0.079876674
SUPT5H,-1.207,0.886,-1.404,0.487,0.667,0.834,626,0.078833949
CHAMP1,-0.574,0.717,-0.888,0.429,0.667,0.834,627,0.078833949
NBN,-1.342,0.91,-0.996,0.472,0.668,0.835,628,0.078313525
RXRA,-1.996,0.977,-1.097,0.5,0.669,0.836,629,0.077793723
ZNF488,-1.112,0.867,-0.048,0.412,0.669,0.837,630,0.077274542
ZNF792,-0.411,0.659,-1.213,0.435,0.669,0.837,631,0.077274542
KAT5,-0.847,0.802,-1.232,0.462,0.67,0.838,632,0.076755981
ARID3A,-1.249,0.894,-0.808,0.455,0.672,0.841,633,0.075204004
TAF7,-1.253,0.895,-1.414,0.488,0.672,0.841,634,0.075204004
ZNF589,-0.594,0.724,-0.938,0.429,0.672,0.842,635,0.074687909
E2F1,-1.568,0.942,-1.337,0.494,0.673,0.843,636,0.074172425
ZNF486,-1.429,0.924,0.475,0.391,0.677,0.848,637,0.071604148
ZNF585B,-1.091,0.863,-0.113,0.406,0.677,0.848,638,0.071604148
HMGN1,-0.373,0.645,-1.166,0.427,0.677,0.849,639,0.07109231
PRDM2,-0.46,0.677,-1.36,0.439,0.679,0.851,640,0.07007044
NRF1,-2.151,0.984,-1.542,0.515,0.679,0.851,641,0.07007044
RBL2,-1.877,0.97,-1.374,0.503,0.682,0.855,642,0.068033885
LIN9,-0.766,0.778,-0.533,0.405,0.682,0.855,643,0.068033885
USP49,-1.104,0.865,0.221,0.378,0.683,0.857,644,0.067019178
ZNF274,-1.384,0.917,0.275,0.395,0.685,0.859,645,0.066006836
AUTS2,-0.248,0.598,-1.513,0.433,0.685,0.86,646,0.065501549
SMAD5,-0.639,0.739,-1.111,0.431,0.685,0.86,647,0.065501549
SRSF3,-0.564,0.714,-1.252,0.435,0.686,0.86,648,0.065501549
CREB1,-2.226,0.987,-1.918,0.526,0.687,0.862,649,0.064492734
TCF7L2,-1.64,0.95,-1.545,0.498,0.688,0.863,650,0.063989204
PTPN11,-0.342,0.634,-1.355,0.428,0.688,0.863,651,0.063989204
TFAP2C,-2.815,0.998,-1.147,0.503,0.688,0.863,652,0.063989204
ZNF76,-1.051,0.853,-1.621,0.475,0.69,0.866,653,0.062482108
ZNF644,-0.692,0.756,-1.041,0.426,0.691,0.867,654,0.061980903
ZSCAN5A,-0.561,0.713,-1.304,0.433,0.691,0.868,655,0.061480275
HDGF,-1.702,0.956,-1.081,0.481,0.692,0.869,656,0.060980224
POLR3A,-0.992,0.839,-1.165,0.446,0.696,0.874,657,0.058488567
ZNF197,-0.587,0.722,-1.184,0.427,0.697,0.874,658,0.058488567
SMARCA5,-1.088,0.862,-0.749,0.424,0.698,0.876,659,0.057495894
NCOR1,-1.415,0.921,-2.048,0.499,0.698,0.877,660,0.057000407
MBTD1,-0.388,0.651,-1.451,0.426,0.7,0.878,661,0.056505484
MBD3,-1.414,0.921,-1.315,0.471,0.702,0.881,662,0.055024092
ZNF48,-1.154,0.876,-0.023,0.373,0.702,0.881,663,0.055024092
TAT,-0.851,0.803,-0.668,0.399,0.703,0.883,664,0.054039296
CHD4,-0.849,0.802,-1.328,0.44,0.704,0.883,665,0.054039296
ZNF260,-0.72,0.764,-0.937,0.408,0.704,0.883,666,0.054039296
ZSCAN29,-0.712,0.762,-1.245,0.429,0.705,0.884,667,0.053547735
PIAS1,-3.11,0.999,0.211,0.434,0.705,0.885,668,0.053056729
PRAME,-0.457,0.676,-1.41,0.422,0.707,0.887,669,0.05207638
ZNF518A,-0.556,0.711,-1.495,0.43,0.708,0.888,670,0.051587034
ID3,-0.671,0.749,-1.189,0.422,0.71,0.891,671,0.050122296
STAT2,-1.268,0.898,-1.466,0.467,0.711,0.891,672,0.050122296
ZNF292,-1.159,0.877,-0.164,0.373,0.712,0.893,673,0.049148541
KDM4B,-0.786,0.784,-1.424,0.436,0.712,0.893,674,0.049148541
CPSF3L,-0.853,0.803,-1.305,0.435,0.712,0.893,675,0.049148541
HNF4G,-1.923,0.973,-0.463,0.443,0.714,0.894,676,0.048662481
ZNF639,-1.099,0.864,-1.284,0.445,0.714,0.894,677,0.048662481
FOXM1,-4.258,1,-2.083,0.526,0.714,0.895,678,0.048176965
TP73,-1.859,0.969,-0.296,0.431,0.716,0.897,679,0.047207557
SIRT1,-2.049,0.98,0.02,0.422,0.717,0.898,680,0.046723663
DPF2,-1.372,0.915,-0.868,0.431,0.718,0.899,681,0.046240308
SMAD4,-2.374,0.991,-1.734,0.505,0.719,0.9,682,0.045757491
GTF3C2,-0.563,0.713,-1.88,0.442,0.719,0.901,683,0.045275209
GABPA,-3.176,0.999,-1.93,0.517,0.72,0.901,684,0.045275209
ZNF24,-1.312,0.905,-1.293,0.453,0.72,0.901,685,0.045275209
ZBTB11,-1.367,0.914,-1.507,0.465,0.721,0.902,686,0.044793462
ZNF318,-1.391,0.918,-0.849,0.429,0.722,0.903,687,0.04431225
E2F4,-1.168,0.879,-1.507,0.455,0.723,0.904,688,0.04383157
NR2F6,-1.576,0.943,-0.756,0.433,0.723,0.904,689,0.04383157
ZNF584,-0.914,0.82,-1.177,0.421,0.728,0.909,690,0.041436117
PAF1,-1.973,0.976,-1.527,0.488,0.728,0.91,691,0.040958608
MIER1,-0.871,0.808,-1.138,0.415,0.729,0.91,692,0.040958608
CBX3,-2.333,0.99,-0.327,0.434,0.729,0.911,693,0.040481623
ZSCAN23,-0.754,0.775,-1.433,0.423,0.73,0.912,694,0.040005162
KRAB,-1.269,0.898,-0.895,0.421,0.731,0.912,695,0.040005162
DCP1A,-0.926,0.823,-1.414,0.431,0.731,0.913,696,0.039529222
GTF2E2,-0.693,0.756,-1.332,0.409,0.732,0.913,697,0.039529222
TP53,-6.044,1,-1.484,0.496,0.733,0.914,698,0.039053804
GATAD2B,-1.541,0.938,-1.917,0.483,0.733,0.915,699,0.038578906
ORC2,-0.748,0.773,-1.246,0.406,0.734,0.916,700,0.038104526
NFATC3,-0.573,0.717,-1.585,0.416,0.736,0.917,701,0.037630664
GLI4,-0.791,0.786,-1.396,0.418,0.737,0.918,702,0.037157319
KLF4,-2.144,0.984,-1.346,0.478,0.738,0.919,703,0.036684489
KMT2D,-1.587,0.944,-1.29,0.455,0.738,0.919,704,0.036684489
ZBTB33,-2.614,0.996,-1.797,0.498,0.739,0.92,705,0.036212173
NELFE,-3.938,1,-1.668,0.498,0.739,0.92,706,0.036212173
ZKSCAN8,-0.967,0.833,-1.167,0.412,0.739,0.92,707,0.036212173
BCL3,-3.725,1,-1.699,0.496,0.742,0.922,708,0.035269079
FOXK1,-1.75,0.96,-1.23,0.461,0.742,0.923,709,0.034798299
ESRRA,-1.16,0.877,-2.316,0.472,0.744,0.924,710,0.034328029
TP63,-7.36,1,-0.831,0.462,0.744,0.925,711,0.033858267
PTRF,-1.532,0.937,-0.333,0.381,0.744,0.925,712,0.033858267
GTF2F1,-0.887,0.813,-1.835,0.439,0.745,0.925,713,0.033858267
ZNF354C,-1.383,0.917,-0.26,0.347,0.746,0.926,714,0.033389013
ICE1,-0.527,0.701,-1.95,0.427,0.746,0.927,715,0.032920266
ZNF623,-0.802,0.789,-1.528,0.418,0.747,0.927,716,0.032920266
ZNF143,-3.046,0.999,-2.132,0.507,0.748,0.928,717,0.032452024
KDM3A,-0.916,0.82,-1.517,0.423,0.748,0.928,718,0.032452024
ICE2,-0.738,0.77,-1.509,0.407,0.749,0.929,719,0.031984286
ZNF280D,-0.767,0.778,-1.603,0.418,0.75,0.929,720,0.031984286
TDRD3,-0.839,0.799,-1.282,0.4,0.75,0.93,721,0.031517051
EPAS1,-1.097,0.864,-0.851,0.378,0.751,0.93,722,0.031517051
CREB3,-1.171,0.879,-1.041,0.403,0.751,0.931,723,0.031050319
ZNF837,-1.218,0.888,-1.036,0.404,0.752,0.931,724,0.031050319
HEY1,-0.822,0.794,-2.029,0.437,0.753,0.933,725,0.030118356
ELF3,-1.083,0.861,-1.242,0.409,0.754,0.933,726,0.030118356
C17orf49,-0.824,0.795,-1.991,0.436,0.755,0.934,727,0.029653124
KMT2B,-0.96,0.831,-1.112,0.391,0.756,0.935,728,0.029188389
PYGO2,-1.465,0.929,-0.76,0.391,0.758,0.937,729,0.028260409
ZNF138,-1.212,0.887,-0.756,0.367,0.759,0.937,730,0.028260409
RFX2,-0.822,0.795,-1.427,0.401,0.76,0.938,731,0.027797162
DDX20,-1.562,0.941,-0.856,0.407,0.76,0.938,732,0.027797162
FAIRE,-3.461,1,-2.622,0.508,0.764,0.941,733,0.026410377
YBX1,-3.079,0.999,-0.203,0.407,0.764,0.941,734,0.026410377
NFIL3,-1.101,0.865,-0.98,0.378,0.764,0.941,735,0.026410377
ZNF175,-1.873,0.969,-0.848,0.425,0.764,0.941,736,0.026410377
ZNF750,-1.084,0.861,-1.067,0.38,0.765,0.941,737,0.026410377
EGLN2,-0.631,0.736,-1.911,0.413,0.766,0.942,738,0.025949097
ZTA,-1.821,0.966,-0.174,0.368,0.767,0.943,739,0.025488307
TEAD2,-1.463,0.928,-0.839,0.385,0.768,0.944,740,0.025028006
HOXA2,-0.774,0.781,-1.706,0.405,0.77,0.946,741,0.024108864
ZC3H8,-1.086,0.861,-1.648,0.422,0.771,0.946,742,0.024108864
SETX,-0.591,0.723,-2.074,0.415,0.771,0.946,743,0.024108864
SREBF2,-0.887,0.812,-1.489,0.397,0.773,0.947,744,0.023650021
NELFA,-2.589,0.995,-1.465,0.468,0.773,0.948,745,0.023191663
BRCA1,-1.874,0.97,-1.786,0.469,0.773,0.948,746,0.023191663
WHSC1,-1.346,0.911,-1.084,0.391,0.775,0.949,747,0.022733788
ARNT,-1.286,0.901,-1.772,0.432,0.777,0.95,748,0.022276395
CSDE1,-1.57,0.942,-1.291,0.426,0.777,0.95,749,0.022276395
TFDP1,-1.597,0.945,-1.627,0.443,0.78,0.952,750,0.021363052
DEAF1,-0.912,0.819,-1.547,0.395,0.78,0.952,751,0.021363052
CRY1,-1.569,0.942,-0.378,0.313,0.78,0.952,752,0.021363052
NCOA1,-1.233,0.891,-1.337,0.402,0.78,0.952,753,0.021363052
KAT8,-1.387,0.917,-1.388,0.414,0.782,0.953,754,0.020907099
WWTR1,-1.57,0.942,-0.827,0.38,0.782,0.953,755,0.020907099
MRE11A,-1.117,0.868,-1.549,0.408,0.782,0.954,756,0.020451625
ZFP41,-1.806,0.965,-0.488,0.37,0.786,0.956,757,0.019542108
PTTG1,-1.726,0.958,-0.614,0.373,0.787,0.956,758,0.019542108
PLRG1,-2.116,0.983,-0.136,0.327,0.79,0.958,759,0.018634491
ZNF641,-1.169,0.879,-1.52,0.402,0.79,0.958,760,0.018634491
HLTF,-1.183,0.882,-1.567,0.407,0.79,0.958,761,0.018634491
DDX21,-1.178,0.881,-1.559,0.404,0.793,0.96,762,0.017728767
MBD1,-1.025,0.847,-2.209,0.429,0.793,0.96,763,0.017728767
COPS2,-0.941,0.827,-1.712,0.392,0.793,0.96,764,0.017728767
TAFII,-1.249,0.894,-1.632,0.411,0.794,0.961,765,0.017276612
ZNF239,-1.371,0.915,-1.396,0.401,0.794,0.961,766,0.017276612
THAP11,-0.849,0.802,-1.905,0.399,0.797,0.962,767,0.016824928
ZNF649,-1.622,0.948,-0.45,0.301,0.797,0.962,768,0.016824928
KLF13,-1.252,0.895,-1.565,0.402,0.799,0.964,769,0.015922966
SREBF1,-1.916,0.972,-1.847,0.456,0.8,0.964,770,0.015922966
ARID5B,-1.045,0.852,-1.582,0.383,0.8,0.964,771,0.015922966
ZEB1,-1.853,0.968,-3.358,0.475,0.802,0.965,772,0.015472687
CBX1,-1.354,0.912,-2.72,0.446,0.802,0.965,773,0.015472687
ELK1,-2.317,0.99,-1.601,0.45,0.803,0.966,774,0.015022874
INTS12,-0.747,0.773,-2.399,0.406,0.803,0.966,775,0.015022874
RAD51,-1.771,0.962,-1.323,0.421,0.804,0.966,776,0.015022874
BANF1,-2.227,0.987,-0.959,0.41,0.804,0.966,777,0.015022874
BRDU,-3.753,1,-0.247,0.366,0.805,0.966,778,0.015022874
TTF1,-1.513,0.935,-1.194,0.385,0.805,0.967,779,0.014573526
AGO2,-0.954,0.83,-1.821,0.391,0.805,0.967,780,0.014573526
AEBP2,-1.678,0.953,-0.913,0.371,0.808,0.968,781,0.014124643
IRF9,-1.69,0.955,-0.908,0.37,0.809,0.969,782,0.013676223
MYBL2,-0.868,0.807,-2.069,0.398,0.811,0.969,783,0.013676223
PRMT5,-1.31,0.905,-1.232,0.357,0.811,0.97,784,0.013228266
NFRKB,-1.473,0.93,-1.458,0.393,0.812,0.97,785,0.013228266
AHR,-2.468,0.993,-0.798,0.389,0.814,0.971,786,0.01278077
SIX4,-1.639,0.949,-0.686,0.297,0.814,0.971,787,0.01278077
ZNF83,-1.452,0.927,-2.125,0.43,0.815,0.972,788,0.012333735
NFYA,-2.169,0.985,-1.651,0.437,0.816,0.972,789,0.012333735
TAZ,-1.163,0.878,-1.569,0.372,0.817,0.972,790,0.012333735
NCAPG2,-1.609,0.946,-0.788,0.304,0.817,0.972,791,0.012333735
ATF1,-2.053,0.98,-1.776,0.438,0.819,0.973,792,0.01188716
DLX2,-1.559,0.941,-0.943,0.314,0.819,0.973,793,0.01188716
MCM3,-1.542,0.939,-1.318,0.38,0.82,0.974,794,0.011441043
DPF1,-1.252,0.895,-2.343,0.422,0.822,0.975,795,0.010995384
HNF1A,-2.494,0.994,-1.067,0.404,0.823,0.975,796,0.010995384
XCL1,-0.944,0.827,-2.159,0.392,0.825,0.976,797,0.010550182
HCFC1,-2.339,0.99,-1.822,0.445,0.826,0.977,798,0.010105436
PRMT1,-1.731,0.958,-1.251,0.389,0.828,0.977,799,0.010105436
GATAD1,-1.48,0.931,-1.987,0.417,0.828,0.977,800,0.010105436
APOBEC3B,-1.255,0.895,-1.539,0.363,0.828,0.977,801,0.010105436
NR5A2,-2.099,0.982,-0.829,0.358,0.828,0.977,802,0.010105436
MCM7,-2.188,0.986,-0.927,0.377,0.829,0.977,803,0.010105436
ASH2L,-1.771,0.962,-1.107,0.373,0.829,0.977,804,0.010105436
MBD4,-0.977,0.836,-2.151,0.389,0.83,0.978,805,0.009661145
ELL2,-2.161,0.985,-1.588,0.427,0.831,0.978,806,0.009661145
SIX5,-2.257,0.988,-1.778,0.435,0.831,0.978,807,0.009661145
HINFP,-1.39,0.918,-1.934,0.405,0.832,0.979,808,0.009217308
SNAPC1,-1.391,0.918,-1.412,0.346,0.834,0.979,809,0.009217308
ARRB1,-1.774,0.962,-1.116,0.369,0.835,0.98,810,0.008773924
IRF3,-1.488,0.932,-1.741,0.391,0.835,0.98,811,0.008773924
DNMT1,-1.526,0.937,-1.817,0.401,0.836,0.98,812,0.008773924
FXR2,-1.113,0.867,-1.928,0.377,0.836,0.98,813,0.008773924
SETDB1,-3.467,1,-1.4,0.424,0.837,0.98,814,0.008773924
HNF1B,-1.596,0.945,-1.084,0.307,0.837,0.981,815,0.008330993
NKRF,-1.529,0.937,-1.877,0.403,0.839,0.981,816,0.008330993
ZFAT,-1.588,0.944,-1.126,0.309,0.839,0.981,817,0.008330993
ATOH1,-1.147,0.874,-1.959,0.374,0.84,0.982,818,0.007888512
SRC,-1.616,0.947,-2.153,0.428,0.841,0.982,819,0.007888512
HES2,-5.79,1,-0.965,0.388,0.843,0.983,820,0.007446482
ARNTL,-1.925,0.973,-1.707,0.415,0.844,0.983,821,0.007446482
HOXA4,-0.99,0.839,-3.133,0.388,0.847,0.984,822,0.007004902
ZNF217,-1.695,0.955,-1.053,0.27,0.85,0.985,823,0.00656377
KLF6,-1.05,0.853,-2.663,0.383,0.852,0.985,824,0.00656377
FXR1,-1.207,0.886,-2.045,0.368,0.854,0.986,825,0.006123085
HBP1,-1.303,0.904,-2.515,0.398,0.856,0.986,826,0.006123085
E2F3,-1.07,0.858,-2.872,0.381,0.856,0.987,827,0.005682847
VEZF1,-1.613,0.947,-2.063,0.407,0.858,0.987,828,0.005682847
ZKSCAN1,-2.064,0.981,-2.151,0.43,0.858,0.987,829,0.005682847
NFAT5,-1.356,0.912,-1.846,0.35,0.858,0.987,830,0.005682847
NONO,-2.321,0.99,-0.886,0.299,0.859,0.987,831,0.005682847
HDAC8,-1.914,0.972,-1.746,0.4,0.86,0.988,832,0.005243055
TGIF2,-1.363,0.914,-2.905,0.399,0.862,0.988,833,0.005243055
MECOM,-1.473,0.93,-1.772,0.332,0.863,0.988,834,0.005243055
EMSY,-1.475,0.93,-1.772,0.332,0.864,0.989,835,0.004803708
ZBTB7B,-1.353,0.912,-1.937,0.351,0.865,0.989,836,0.004803708
SMARCC2,-1.454,0.927,-2.158,0.385,0.866,0.989,837,0.004803708
XBP1,-2.047,0.98,-2.027,0.416,0.867,0.99,838,0.004364805
CDC5L,-1.741,0.959,-1.586,0.368,0.867,0.99,839,0.004364805
NPAT,-1.227,0.89,-2.258,0.365,0.868,0.99,840,0.004364805
FOXO3,-1.613,0.947,-3.487,0.418,0.87,0.99,841,0.004364805
NR2C2,-4.013,1,-2.131,0.434,0.87,0.99,842,0.004364805
TRRAP,-1.658,0.951,-1.975,0.392,0.87,0.99,843,0.004364805
ZNF207,-3.298,1,-0.927,0.306,0.87,0.99,844,0.004364805
NFYC,-1.466,0.929,-1.886,0.334,0.872,0.991,845,0.003926346
GMEB2,-1.755,0.96,-1.655,0.369,0.872,0.991,846,0.003926346
HNF4A,-5.197,1,-1.489,0.395,0.874,0.991,847,0.003926346
HOXA6,-1.226,0.89,-2.52,0.366,0.875,0.991,848,0.003926346
CCDC101,-1.733,0.958,-1.888,0.388,0.875,0.991,849,0.003926346
SSRP1,-3.283,1,-1.787,0.411,0.875,0.991,850,0.003926346
RBCK1,-1.508,0.934,-1.82,0.324,0.875,0.991,851,0.003926346
RBP2,-1.504,0.934,-1.835,0.325,0.875,0.991,852,0.003926346
HJURP,-1.573,0.942,-1.687,0.312,0.878,0.992,853,0.003488328
FOXK2,-2.886,0.998,-1.908,0.413,0.879,0.992,854,0.003488328
L3MBTL4,-1.222,0.889,-2.967,0.366,0.879,0.992,855,0.003488328
ETS2,-1.893,0.971,-1.93,0.394,0.879,0.992,856,0.003488328
GRHL2,-6.421,1,-1.149,0.353,0.88,0.992,857,0.003488328
DIDO1,-1.746,0.96,-1.817,0.372,0.881,0.992,858,0.003488328
ZBTB10,-1.482,0.931,-1.979,0.33,0.882,0.993,859,0.003050752
EPC1,-1.936,0.974,-1.655,0.367,0.882,0.993,860,0.003050752
HHEX,-2.152,0.984,-1.4,0.326,0.884,0.993,861,0.003050752
GREB1,-3.841,1,-0.997,0.28,0.884,0.993,862,0.003050752
RUVBL1,-1.442,0.925,-2.142,0.338,0.885,0.993,863,0.003050752
YBX3,-1.926,0.973,-1.66,0.358,0.888,0.994,864,0.002613616
ASCL2,-1.41,0.921,-2.325,0.343,0.89,0.994,865,0.002613616
CLOCK,-1.967,0.975,-1.768,0.362,0.892,0.994,866,0.002613616
TCF7,-2.389,0.992,-2.416,0.42,0.893,0.994,867,0.002613616
RAC3,-1.566,0.941,-1.927,0.313,0.893,0.995,868,0.002176919
HES1,-2.082,0.981,-2.366,0.406,0.895,0.995,869,0.002176919
ZNF75A,-1.599,0.945,-1.87,0.306,0.896,0.995,870,0.002176919
MXD3,-1.591,0.944,-1.926,0.308,0.897,0.995,871,0.002176919
SPDEF,-2.084,0.981,-2.716,0.409,0.898,0.995,872,0.002176919
ZNF131,-1.652,0.951,-1.775,0.292,0.899,0.995,873,0.002176919
HOXA1,-1.592,0.944,-1.941,0.307,0.9,0.996,874,0.001740662
ZNF701,-1.554,0.94,-2.112,0.315,0.901,0.996,875,0.001740662
E2F8,-1.486,0.931,-2.454,0.329,0.901,0.996,876,0.001740662
CAMTA2,-1.625,0.948,-1.839,0.3,0.902,0.996,877,0.001740662
ZSCAN2,-1.718,0.957,-1.704,0.25,0.902,0.996,878,0.001740662
DLX1,-1.507,0.934,-2.356,0.325,0.902,0.996,879,0.001740662
GMEB1,-1.706,0.956,-1.739,0.263,0.902,0.996,880,0.001740662
FEV,-1.552,0.94,-2.15,0.315,0.903,0.996,881,0.001740662
KLF5,-3.525,1,-2.653,0.421,0.904,0.996,882,0.001740662
BCAT1,-1.872,0.969,-1.997,0.365,0.905,0.996,883,0.001740662
CREB3L4,-1.603,0.946,-1.986,0.305,0.906,0.996,884,0.001740662
BARX2,-1.661,0.952,-1.826,0.29,0.907,0.996,885,0.001740662
FOXD2,-1.509,0.934,-2.49,0.324,0.907,0.996,886,0.001740662
GABP,-1.653,0.951,-2.721,0.376,0.907,0.996,887,0.001740662
ARNT2,-1.548,0.939,-2.289,0.316,0.907,0.996,888,0.001740662
ELK4,-2.693,0.997,-1.772,0.365,0.909,0.997,889,0.001304842
ELF2,-1.714,0.957,-1.8,0.254,0.909,0.997,890,0.001304842
GRHL1,-1.731,0.958,-1.792,0.207,0.909,0.997,891,0.001304842
ZXDC,-1.607,0.946,-2.045,0.304,0.91,0.997,892,0.001304842
PPARGC1A,-1.522,0.936,-2.555,0.322,0.91,0.997,893,0.001304842
KLF3,-1.618,0.947,-2.04,0.302,0.913,0.997,894,0.001304842
RARG,-2.386,0.992,-1.918,0.366,0.916,0.997,895,0.001304842
ETV7,-1.599,0.945,-2.321,0.306,0.92,0.998,896,0.000869459
KDM5A,-2.97,0.999,-1.799,0.343,0.921,0.998,897,0.000869459
KLF10,-1.997,0.977,-2.114,0.347,0.921,0.998,898,0.000869459
SOX9,-1.863,0.969,-2.797,0.366,0.925,0.998,899,0.000869459
FOXG1,-1.612,0.947,-2.37,0.303,0.925,0.998,900,0.000869459
CASP8AP2,-1.668,0.952,-2.136,0.287,0.926,0.998,901,0.000869459
BARX1,-1.64,0.95,-2.287,0.297,0.927,0.998,902,0.000869459
SOX13,-2.061,0.98,-2.254,0.346,0.93,0.998,903,0.000869459
E2F2,-1.659,0.952,-2.311,0.29,0.931,0.999,904,0.000434512
NR1H3,-2.815,0.998,-2.136,0.362,0.934,0.999,905,0.000434512
ETV4,-2.282,0.989,-3.2,0.378,0.934,0.999,906,0.000434512
DNMT3B,-2.875,0.998,-2.632,0.382,0.935,0.999,907,0.000434512
NCAPG,-3.044,0.999,-2.048,0.342,0.939,0.999,908,0.000434512
MEN1,-2.156,0.985,-2.16,0.321,0.939,0.999,909,0.000434512
MNT,-2.369,0.991,-2.421,0.359,0.941,0.999,910,0.000434512
ETV5,-2.213,0.987,-2.165,0.323,0.941,0.999,911,0.000434512
CREM,-2.47,0.993,-2.462,0.361,0.943,0.999,912,0.000434512
NR1H2,-3.034,0.999,-2.288,0.35,0.945,0.999,913,0.000434512
EHF,-2.606,0.995,-2.539,0.359,0.947,0.999,914,0.000434512
CTBP1,-2.642,0.996,-2.306,0.326,0.949,0.999,915,0.000434512
WDHD1,-2.19,0.986,-2.615,0.316,0.951,1,916,0
ZNF687,-2.199,0.986,-2.587,0.316,0.952,1,917,0
ZNF592,-2.374,0.991,-2.149,0.29,0.953,1,918,0
