"","TF","statistic","pvalue","zscore","max_auc","re_rank","irwin_hall_pvalue","ID","logPvalue"
"1","SMAD3",5.157,1.25e-07,2.717,0.728,0.02,3.67e-05,1,4.43533393574791
"2","SIRT1",3.29,0.000501,2.971,0.7,0.023,5.23e-05,2,4.28149831113273
"3","TEAD4",4.091,2.15e-05,2.684,0.704,0.025,6.87e-05,3,4.16304326294045
"4","YAP1",4.35,6.79e-06,2.587,0.706,0.027,8.47e-05,4,4.07211658966929
"5","TP53",6.827,4.34e-12,2.479,0.701,0.029,0.000115,5,3.93930215964639
"6","FOSL1",4.068,2.37e-05,2.536,0.734,0.031,0.000133,6,3.87614835903291
"7","JUN",6.649,1.48e-11,2.414,0.696,0.034,0.000174,7,3.7594507517174
"8","TEAD1",3.754,8.69e-05,2.598,0.668,0.034,0.000179,8,3.74714696902011
"9","SMARCC1",4.313,8.06e-06,2.529,0.668,0.038,0.000242,9,3.61618463401957
"10","RNF2",4.325,7.63e-06,2.789,0.624,0.038,0.000249,10,3.60380065290426
"11","TP63",8.491,1.02e-17,2.418,0.642,0.04,0.000278,11,3.55595520408192
"12","POLR3D",5.626,9.2e-09,3.208,0.598,0.041,0.00031,12,3.50863830616573
"13","BRDU",3.736,9.35e-05,3.107,0.61,0.042,0.000326,13,3.48678239993206
"14","HIRA",3.809,6.97e-05,3.604,0.599,0.043,0.000361,14,3.44249279809434
"15","SMARCA4",3.638,0.000138,2.443,0.668,0.045,0.000399,15,3.39902710431325
"16","ZBTB48",5.096,1.74e-07,2.61,0.614,0.045,0.000418,16,3.37882371822496
"17","FOS",4.606,2.05e-06,2.856,0.596,0.051,0.000611,17,3.21395878975745
"18","PRMT1",2.353,0.0093,2.566,0.657,0.051,0.000611,18,3.21395878975745
"19","EED",2.436,0.00744,2.586,0.628,0.054,0.000706,19,3.1511952989482
"20","JUND",3.445,0.000286,2.316,0.654,0.055,0.000734,20,3.13430394008393
"21","TP73",2.345,0.00951,2.536,0.648,0.055,0.000749,21,3.12551818230053
"22","ATF4",2.214,0.0134,2.491,0.677,0.055,0.000764,22,3.11690664142431
"23","FOSL2",9.669,2.03e-22,1.931,0.691,0.058,0.000872,23,3.05948351506743
"24","MBD3",2.898,0.00188,2.192,0.7,0.058,0.000889,24,3.05109823902979
"25","SMARCA2",2.065,0.0194,2.658,0.641,0.058,0.000889,25,3.05109823902979
"26","RING1",2.513,0.00598,3.076,0.595,0.059,0.000939,26,3.02733440773389
"27","EP300",6.564,2.63e-11,2.002,0.661,0.063,0.00112,27,2.95078197732982
"28","ZNF175",2.192,0.0142,3.57,0.597,0.064,0.00118,28,2.92811799269387
"29","CRY1",1.649,0.0496,3.495,0.623,0.064,0.0012,29,2.92081875395238
"30","SSRP1",2.81,0.00248,3.923,0.579,0.065,0.00122,30,2.91364016932525
"31","ATF7IP",1.615,0.0531,4.387,0.617,0.065,0.00124,31,2.90657831483776
"32","WWTR1",2.433,0.00749,2.135,0.689,0.068,0.00141,32,2.85078088734462
"33","CTCF",24.571,1.28e-133,1.901,0.633,0.073,0.00172,33,2.76447155309245
"34","LARP7",2.285,0.0112,3.733,0.58,0.073,0.00175,34,2.75696195131371
"35","LMNA",1.713,0.0434,2.73,0.616,0.073,0.00175,35,2.75696195131371
"36","SMAD2-SMAD3",2.242,0.0125,2.041,0.79,0.073,0.00178,36,2.74957999769111
"37","KDM6B",2.333,0.00982,2.478,0.602,0.078,0.00211,37,2.67571754470231
"38","SMC1A",6.538,3.11e-11,1.924,0.621,0.078,0.00217,38,2.66354026615147
"39","TET2",2.943,0.00162,2.068,0.618,0.082,0.00248,39,2.60554831917378
"40","PCGF2",2.297,0.0108,2.203,0.622,0.083,0.00254,40,2.59516628338006
"41","TRIM28",2.277,0.0114,2.706,0.58,0.083,0.00258,41,2.58838029403677
"42","SMC3",6.796,5.39e-12,1.907,0.611,0.084,0.00268,42,2.57186520597121
"43","TEAD1-TEAD4",1.663,0.0481,2.391,0.633,0.084,0.00268,43,2.57186520597121
"44","EZH2",8.793,7.28e-19,1.604,0.682,0.084,0.00271,44,2.56703070912559
"45","CDCA2",1.612,0.0535,2.621,0.608,0.085,0.00278,45,2.55595520408192
"46","GRHL3",2.508,0.00607,2.348,0.592,0.086,0.00285,46,2.54515513999149
"47","HCFC1R1",1.634,0.0512,2.493,0.617,0.086,0.00289,47,2.53910215724345
"48","RAD21",7.592,1.57e-14,1.795,0.624,0.087,0.00293,48,2.53313237964589
"49","ZNF649",1.53,0.063,4.189,0.586,0.088,0.00311,49,2.50723961097316
"50","PGBD3",1.719,0.0428,2.124,0.682,0.089,0.00319,50,2.49620931694282
"51","SUMO1",5.479,2.14e-08,2.198,0.579,0.091,0.00335,51,2.47495519296315
"52","TCF21",3.069,0.00107,1.993,0.607,0.091,0.00339,52,2.46980030179692
"53","EPAS1",1.672,0.0473,2.211,0.64,0.092,0.00347,53,2.45967052520913
"54","GTF2I",3.884,5.13e-05,2.071,0.594,0.092,0.00351,54,2.45469288353418
"55","NFE2L1",2.329,0.00994,2.52,0.577,0.094,0.00372,55,2.4294570601181
"56","CEBPB",8.009,5.79e-16,1.924,0.588,0.095,0.0038,56,2.42021640338319
"57","YBX1",2.393,0.00835,2.926,0.563,0.096,0.00402,57,2.39577394691553
"58","ATF3",2,0.0228,1.91,0.661,0.097,0.00407,58,2.39040559077478
"59","SMARCB1",2.543,0.0055,2.304,0.578,0.098,0.00425,59,2.37161106994969
"60","KMT2B",1.616,0.053,2.355,0.61,0.098,0.0043,60,2.36653154442041
"61","BMI1",2.614,0.00447,2.108,0.593,0.098,0.0043,61,2.36653154442041
"62","HES2",7.267,1.84e-13,1.832,0.598,0.099,0.00435,62,2.36151074304536
"63","SP140",2.225,0.013,2.168,0.595,0.101,0.00464,63,2.33348201944512
"64","AGO1",1.991,0.0232,3.03,0.565,0.102,0.00479,64,2.31966448658544
"65","ZTA",1.891,0.0293,2.989,0.568,0.103,0.00494,65,2.30627305107635
"66","CHD4",2.99,0.00139,1.662,0.626,0.107,0.00548,66,2.26121944151563
"67","PRMT5",1.709,0.0437,1.859,0.671,0.108,0.0057,67,2.24412514432751
"68","ZNF512",1.975,0.0242,2.405,0.577,0.109,0.00582,68,2.23507701535011
"69","DAXX",1.986,0.0235,2.575,0.567,0.111,0.00617,69,2.20971483596676
"70","RXRA",2.363,0.00906,1.483,0.696,0.113,0.00647,70,2.1890957193313
"71","PTTG1",1.851,0.0321,2.834,0.563,0.113,0.00647,71,2.1890957193313
"72","IRF9",1.86,0.0315,2.901,0.56,0.115,0.00685,72,2.16430942850757
"73","JARID2",5.285,6.29e-08,1.262,0.665,0.116,0.00711,73,2.14813039927023
"74","MKL2",2.777,0.00275,1.988,0.577,0.117,0.00718,74,2.1438755557577
"75","E2F7",2.408,0.00801,1.517,0.635,0.12,0.00772,75,2.11238269966426
"76","NKX2-1",2.069,0.0193,2.42,0.564,0.12,0.00786,76,2.10457745396059
"77","ESCO2",1.512,0.0653,2.402,0.582,0.121,0.00793,77,2.1007268126824
"78","PRKDC",1.579,0.0572,2.017,0.606,0.122,0.00814,78,2.0893755951108
"79","LMTK3",1.474,0.0703,2.699,0.569,0.122,0.00822,79,2.08512818245995
"80","SUZ12",4.435,4.6e-06,1.175,0.683,0.123,0.00829,80,2.08144546944973
"81","ZNF707",1.336,0.0908,2.596,0.577,0.124,0.00851,81,2.07007043991541
"82","TERC",2.448,0.00717,2.295,0.556,0.124,0.00866,82,2.06248210798265
"83","MYOD1",1.985,0.0236,2.187,0.574,0.125,0.00881,83,2.05502409158795
"84","USF1",1.981,0.0238,2.561,0.554,0.127,0.00912,84,2.04000516167158
"85","NR3C1",3.227,0.000626,1.347,0.627,0.127,0.0092,85,2.03621217265444
"86","ZNF354C",1.345,0.0893,3.19,0.561,0.129,0.00959,86,2.01818139282934
"87","PTRF",1.685,0.046,2.867,0.55,0.129,0.00975,87,2.01099538430146
"88","KDM4A",2.171,0.015,1.565,0.616,0.13,0.01,88,2
"89","SOX4",2.166,0.0152,2.241,0.561,0.132,0.0103,89,1.98716277529483
"90","ZNF140",1.433,0.0759,2.871,0.558,0.132,0.0104,90,1.98296666070122
"91","SOX2",3.005,0.00133,2.003,0.559,0.134,0.0108,91,1.96657624451305
"92","STAT3",2.443,0.00729,1.277,0.636,0.134,0.0109,92,1.96257350205938
"93","FOXK1",1.147,0.126,2.98,0.573,0.134,0.0109,93,1.96257350205938
"94","LIN9",1.454,0.0729,2.322,0.574,0.136,0.0114,94,1.94309514866353
"95","NFE2L2",2.081,0.0187,1.501,0.616,0.137,0.0115,95,1.93930215964639
"96","ZNF488",1.518,0.0645,3.055,0.549,0.137,0.0116,96,1.93554201077308
"97","TRIM25",2.208,0.0136,1.914,0.571,0.139,0.0121,97,1.91721462968355
"98","LMNB1",1.345,0.0894,2.613,0.561,0.14,0.0124,98,1.90657831483776
"99","ZNF292",1.307,0.0956,2.92,0.558,0.14,0.0124,99,1.90657831483776
"100","SRF",2.443,0.00728,1.574,0.584,0.141,0.0127,100,1.89619627904404
"101","ZFP57",1.927,0.027,2.157,0.564,0.141,0.0127,101,1.89619627904404
"102","STAG1",5.726,5.14e-09,1.333,0.588,0.142,0.0129,102,1.88941028970075
"103","CTCFL",2.606,0.00459,1.532,0.584,0.143,0.0131,103,1.88272870434424
"104","ERCC3",1.234,0.109,3.553,0.553,0.144,0.0135,104,1.86966623150499
"105","RBL1",1.4,0.0808,2.384,0.566,0.145,0.0137,105,1.86327943284359
"106","NME2",1.654,0.0491,2.48,0.55,0.145,0.0137,106,1.86327943284359
"107","ZNF202",1.553,0.0603,2.043,0.575,0.146,0.0139,107,1.85698519974591
"108","BANF1",2.111,0.0174,1.978,0.564,0.146,0.014,108,1.85387196432176
"109","ZNF2",1.734,0.0415,1.927,0.573,0.146,0.0141,109,1.85078088734462
"110","SFPQ",1.222,0.111,3.139,0.552,0.147,0.0143,110,1.84466396253494
"111","SON",1.507,0.0659,1.922,0.581,0.148,0.0147,111,1.83268266525182
"112","JMJD6",2.835,0.0023,1.018,0.641,0.148,0.0147,112,1.83268266525182
"113","TSC22D4",1.313,0.0946,2.279,0.571,0.15,0.0152,113,1.81815641205523
"114","ZNF680",1.597,0.0551,2.555,0.547,0.151,0.0154,114,1.81247927916354
"115","ZNF436",1.395,0.0816,2.255,0.565,0.151,0.0155,115,1.80966830182971
"116","TAZ",1.423,0.0774,2.153,0.569,0.153,0.0163,116,1.78781239559604
"117","HEXIM1",2.331,0.00989,1.86,0.561,0.154,0.0164,117,1.7851561519523
"118","JUNB",1.593,0.0556,1.703,0.591,0.154,0.0165,118,1.78251605578609
"119","ERCC6",1.154,0.124,1.964,0.598,0.156,0.0171,119,1.76700388960785
"120","NANOG",2.948,0.0016,1.813,0.553,0.156,0.0172,120,1.76447155309245
"121","ZNF781",1.347,0.089,2.822,0.545,0.156,0.0172,121,1.76447155309245
"122","ZNF92",1.311,0.095,2.405,0.558,0.157,0.0174,122,1.7594507517174
"123","BACH1",1.846,0.0324,2.195,0.549,0.158,0.0178,123,1.74957999769111
"124","CBX3",1.171,0.121,2.483,0.561,0.161,0.0187,124,1.7281583934635
"125","KDM3B",1.836,0.0332,1.749,0.572,0.163,0.0196,125,1.70774392864352
"126","RELA",3.229,0.000622,0.613,0.685,0.165,0.0201,126,1.69680394257951
"127","POU5F1",3.754,8.68e-05,1.722,0.547,0.168,0.0212,127,1.67366413907125
"128","ZNF16",1.135,0.128,2.337,0.567,0.168,0.0212,128,1.67366413907125
"129","RUNX2",1.031,0.151,2.15,0.583,0.168,0.0212,129,1.67366413907125
"130","RCOR1",1.053,0.146,1.991,0.594,0.168,0.0213,130,1.67162039656126
"131","ERCC2",1.116,0.132,3.862,0.546,0.168,0.0213,131,1.67162039656126
"132","BATF",2.129,0.0166,1.744,0.559,0.169,0.0217,132,1.66354026615147
"133","ZNF654",1.903,0.0285,1.772,0.561,0.171,0.0225,133,1.64781748188864
"134","DNMT3A",1.577,0.0574,1.83,0.567,0.171,0.0227,134,1.64397414280688
"135","CREBBP",1.108,0.134,1.49,0.653,0.175,0.0243,135,1.61439372640169
"136","ZNF837",1.373,0.0849,2.082,0.553,0.177,0.0247,136,1.60730304674033
"137","SMAD2",1.646,0.0499,1.852,0.556,0.177,0.0249,137,1.60380065290426
"138","CNOT3",1.958,0.0251,1.442,0.573,0.177,0.0251,138,1.60032627851896
"139","MAFK",1.243,0.107,1.856,0.574,0.179,0.0257,139,1.59006687666871
"140","CBX2",1.442,0.0746,1.668,0.571,0.182,0.0271,140,1.56703070912559
"141","STAT1",2.431,0.00754,1.324,0.566,0.183,0.0277,141,1.55752023093555
"142","NEUROG2",2.847,0.0022,1.579,0.545,0.185,0.0286,142,1.54363396687096
"143","ZBTB17",1.12,0.131,1.74,0.588,0.186,0.0289,143,1.53910215724345
"144","ZBTB2",1.526,0.0635,1.85,0.552,0.188,0.0297,144,1.52724355068279
"145","TEAD2",1.354,0.0879,2.386,0.535,0.189,0.0304,145,1.51712641639125
"146","DNMT1",1.162,0.123,1.68,0.577,0.193,0.0322,146,1.49214412830417
"147","ZFP41",1.287,0.0991,2.584,0.532,0.193,0.0322,147,1.49214412830417
"148","TCF7L1",1.877,0.0303,1.632,0.548,0.196,0.0338,148,1.47108329972235
"149","MITF",1.388,0.0826,2.138,0.538,0.196,0.034,149,1.46852108295774
"150","TRIM24",1.294,0.0978,1.873,0.551,0.198,0.035,150,1.45593195564972
"151","MCM2",1.1,0.136,2.377,0.544,0.198,0.0352,151,1.45345733652187
"152","CLOCK",0.509,0.305,2.239,0.609,0.2,0.0361,152,1.44249279809434
"153","HIF1A",1.052,0.147,2.732,0.535,0.201,0.0365,153,1.43770713554353
"154","MAX",2.4,0.00821,0.543,0.609,0.201,0.0367,154,1.43533393574791
"155","BHLHE40",1.179,0.119,1.248,0.602,0.202,0.0369,155,1.43297363384094
"156","ZNF585B",1.064,0.144,2.728,0.534,0.202,0.0369,156,1.43297363384094
"157","AEBP2",1.201,0.115,2.286,0.536,0.203,0.0379,157,1.42136079003193
"158","ZMYND8",1.843,0.0327,0.923,0.586,0.204,0.0383,158,1.41680122603138
"159","REST",1.211,0.113,1.552,0.571,0.206,0.0391,159,1.40782324260413
"160","ARNT",0.987,0.162,2.255,0.547,0.207,0.0402,160,1.39577394691553
"161","FOXH1",1.142,0.127,1.93,0.549,0.209,0.041,161,1.38721614328026
"162","ZNF438",1.102,0.135,2.192,0.544,0.211,0.0421,162,1.37571790416433
"163","IKZF1",2.114,0.0173,1.357,0.547,0.211,0.0423,163,1.37365963262496
"164","IKZF2",1.469,0.0709,1.778,0.544,0.211,0.0423,164,1.37365963262496
"165","MAFG",1.254,0.105,2.339,0.529,0.212,0.0427,165,1.36957212497498
"166","ASCL1",1.139,0.127,1.331,0.587,0.212,0.0429,166,1.36754270781528
"167","TOP1",1.395,0.0815,1.248,0.572,0.212,0.0429,167,1.36754270781528
"168","BRD7",1.267,0.103,1.63,0.555,0.213,0.0436,168,1.36051351073141
"169","ZEB1",1.435,0.0757,0.768,0.613,0.213,0.0436,169,1.36051351073141
"170","VDR",1.257,0.104,0.696,0.656,0.214,0.0443,170,1.35359627377693
"171","DACOR1",0.953,0.17,2.596,0.534,0.216,0.0456,171,1.34103515733556
"172","RYBP",1.992,0.0232,0.728,0.58,0.217,0.0458,172,1.33913452199613
"173","ING5",0.912,0.181,2.922,0.531,0.218,0.0465,173,1.33254704711005
"174","KLF16",1.326,0.0925,1.868,0.537,0.22,0.0479,174,1.31966448658544
"175","SNAI2",2.114,0.0173,1.257,0.545,0.221,0.0486,175,1.31336373073771
"176","ZFP64",1.128,0.13,2.035,0.539,0.222,0.0491,176,1.30891850787703
"177","FLI1",1.58,0.057,1.058,0.566,0.223,0.0501,177,1.30016227413275
"178","EGR3",1.16,0.123,1.749,0.548,0.226,0.0518,178,1.28567024025477
"179","MYOG",1.002,0.158,1.937,0.546,0.226,0.052,179,1.2839966563652
"180","ZNF366",1.216,0.112,2.134,0.529,0.226,0.0523,180,1.28149831113273
"181","HIC1",1.358,0.0872,1.721,0.538,0.228,0.0535,181,1.27164621797877
"182","CHRM2",1.036,0.15,1.105,0.597,0.229,0.0538,182,1.26921772433361
"183","ICE1",1.367,0.0857,1.775,0.535,0.229,0.054,183,1.26760624017703
"184","PRDM1",1.161,0.123,1.331,0.569,0.23,0.0545,184,1.26360349772336
"185","DUX4",0.886,0.188,1.876,0.556,0.23,0.0545,185,1.26360349772336
"186","ZNF362",1.178,0.119,2.204,0.525,0.231,0.0556,186,1.25492520841794
"187","MEF2A",0.92,0.179,1.175,0.605,0.232,0.0558,187,1.25336580106242
"188","SMARCE1",1.214,0.112,2.433,0.518,0.232,0.0561,188,1.25103713874384
"189","ZNF697",0.827,0.204,3.129,0.527,0.232,0.0561,189,1.25103713874384
"190","ZNF793",1.118,0.132,2.224,0.528,0.233,0.0569,190,1.24488773360493
"191","ZNF800",1.082,0.14,2.5,0.521,0.234,0.0579,191,1.23732143627256
"192","TTF1",1.173,0.12,2.044,0.528,0.235,0.0585,192,1.23284413391782
"193","ARID1A",0.634,0.263,1.474,0.614,0.237,0.0598,193,1.22329881601159
"194","DMC1",0.947,0.172,2.247,0.533,0.237,0.0598,194,1.22329881601159
"195","DDX20",1.334,0.0911,1.508,0.542,0.238,0.0604,195,1.21896306137887
"196","ZNF263",1.946,0.0258,1.223,0.539,0.239,0.0612,196,1.21324857785444
"197","BAHD1",0.912,0.181,2.386,0.529,0.24,0.0623,197,1.20551195334083
"198","GLIS1",1.5,0.0668,1.473,0.536,0.24,0.0623,198,1.20551195334083
"199","L3MBTL2",1.205,0.114,1.878,0.53,0.24,0.0626,199,1.20342566678957
"200","ZNF24",1.735,0.0414,1.384,0.534,0.242,0.0634,200,1.19791074211827
"201","DEK",1.132,0.129,1.483,0.55,0.243,0.0643,201,1.19178902707578
"202","ZNF141",0.967,0.167,2.017,0.535,0.244,0.0652,202,1.18575240426808
"203","KDM5C",1.702,0.0444,0.34,0.589,0.244,0.0654,203,1.18442225167573
"204","TCF12",1.022,0.153,1.242,0.571,0.246,0.0672,204,1.17263072694617
"205","KDM5B",1.647,0.0498,0.522,0.577,0.246,0.0672,205,1.17263072694617
"206","KDM2B",3.079,0.00104,-0.268,0.599,0.248,0.069,206,1.16115090926274
"207","CTNNB1",1.017,0.155,1.789,0.538,0.249,0.0696,207,1.15739076038944
"208","SSU72",1.078,0.141,1.652,0.543,0.249,0.0696,208,1.15739076038944
"209","ZNF554",0.853,0.197,2.403,0.527,0.25,0.0705,209,1.1518108830086
"210","ZNF506",0.89,0.187,2.234,0.529,0.251,0.0708,210,1.14996674231023
"211","RB1",1.955,0.0253,0.502,0.567,0.251,0.0711,211,1.14813039927023
"212","ZNF48",0.814,0.208,2.663,0.524,0.252,0.072,212,1.14266750356873
"213","ZMYM3",1.359,0.0872,1.07,0.548,0.255,0.0742,213,1.12959609472097
"214","H2AZ",4.759,9.71e-07,-0.305,0.583,0.256,0.0751,214,1.12436006299583
"215","IRF5",0.874,0.191,2.204,0.528,0.256,0.0755,215,1.12205304837081
"216","ZNF207",0.599,0.275,2.231,0.544,0.257,0.0767,216,1.11520463605102
"217","BCOR",1.269,0.102,0.734,0.571,0.259,0.078,217,1.10790539730952
"218","BATF3",1.122,0.131,1.359,0.546,0.259,0.0784,218,1.10568393731556
"219","ILK",0.937,0.175,2.126,0.525,0.261,0.0803,219,1.09528445472132
"220","MYF5",0.927,0.177,1.878,0.532,0.264,0.0827,220,1.08249449044745
"221","PBX3",0.824,0.205,1.25,0.572,0.265,0.0837,221,1.07727454200674
"222","MAZ",1.964,0.0248,0.152,0.576,0.265,0.084,222,1.07572071393812
"223","ZNF486",0.846,0.199,2.569,0.516,0.266,0.0847,223,1.07211658966929
"224","PMEL",0.911,0.181,0.448,0.635,0.267,0.0861,224,1.06499684854635
"225","ZNF138",0.83,0.203,2.213,0.525,0.267,0.0861,225,1.06499684854635
"226","EBNA2",0.978,0.164,1.623,0.536,0.269,0.0871,226,1.05998184499234
"227","LHX2",0.44,0.33,1.238,0.626,0.27,0.0882,227,1.05453141486818
"228","POLR3A",0.91,0.181,1.496,0.546,0.27,0.0882,228,1.05453141486818
"229","IRF1",1.528,0.0633,0.662,0.55,0.271,0.0896,229,1.04769199033787
"230","CDK2",1.003,0.158,2.107,0.518,0.272,0.0903,230,1.04431224968649
"231","BCL11A",0.826,0.205,1.498,0.549,0.272,0.0907,231,1.0423927129399
"232","ZNF382",0.976,0.165,1.851,0.527,0.272,0.0907,232,1.0423927129399
"233","CEBPG",0.892,0.186,1.633,0.537,0.274,0.0929,233,1.03198428600636
"234","GTF3C2",1.241,0.107,1.341,0.53,0.277,0.0954,234,1.0204516252959
"235","DRAP1",1.099,0.136,1.187,0.544,0.278,0.0969,235,1.01367622294923
"236","BRD9",1.214,0.112,1.339,0.528,0.283,0.102,236,0.991399828238082
"237","ZNF479",0.836,0.202,1.92,0.525,0.283,0.102,237,0.991399828238082
"238","ICE2",0.958,0.169,1.501,0.534,0.283,0.102,238,0.991399828238082
"239","MTA2",1.305,0.0959,1.373,0.522,0.285,0.105,239,0.978810700930062
"240","ZEB2",1.472,0.0706,1.534,0.514,0.288,0.107,240,0.97061622231479
"241","FOXA2",0.816,0.207,1.154,0.56,0.288,0.108,241,0.96657624451305
"242","UBE2I",0.857,0.196,1.777,0.527,0.289,0.109,242,0.962573502059376
"243","ZNF788",0.847,0.198,2.482,0.51,0.29,0.11,243,0.958607314841775
"244","SMARCA5",0.696,0.243,1.523,0.547,0.291,0.111,244,0.954677021213343
"245","PRDM2",1.256,0.105,0.941,0.536,0.291,0.111,245,0.954677021213343
"246","SMAD4",0.462,0.322,0.696,0.672,0.293,0.113,246,0.94692155651658
"247","SPIB",1.002,0.158,1.568,0.524,0.293,0.113,247,0.94692155651658
"248","HOTAIR",1.108,0.134,1.869,0.514,0.293,0.114,248,0.943095148663527
"249","E2F6",1.518,0.0646,0.075,0.568,0.294,0.114,249,0.943095148663527
"250","KDM1A",0.537,0.296,1.01,0.591,0.294,0.114,250,0.943095148663527
"251","PHIP",2.205,0.0137,-0.357,0.571,0.294,0.115,251,0.939302159646388
"252","EMX1",1.517,0.0646,0.578,0.542,0.295,0.116,252,0.935542010773082
"253","HSF1",1.057,0.145,0.125,0.598,0.296,0.117,253,0.931814138253838
"254","ZNF282",1.528,0.0632,0.368,0.548,0.297,0.117,254,0.931814138253838
"255","FOXO1",0.506,0.306,0.883,0.604,0.297,0.118,255,0.928117992693875
"256","RELB",1.203,0.115,1.412,0.519,0.297,0.118,256,0.928117992693875
"257","HDGF",1.056,0.145,1.13,0.535,0.299,0.121,257,0.91721462968355
"258","PGR",0.853,0.197,1.539,0.527,0.306,0.128,258,0.892790030352132
"259","ZNF318",1.19,0.117,1.24,0.52,0.308,0.132,259,0.87942606879415
"260","ZNF8",0.422,0.336,1.551,0.55,0.31,0.133,260,0.876148359032914
"261","PYGO2",0.818,0.207,1.767,0.521,0.311,0.135,261,0.869666231504994
"262","BRD4",1.087,0.138,-0.785,0.733,0.313,0.138,262,0.860120913598763
"263","ZNF586",0.606,0.272,2.546,0.51,0.314,0.139,263,0.856985199745905
"264","SMAD1",0.589,0.278,1.2,0.554,0.315,0.14,264,0.853871964321762
"265","ZNF28",0.831,0.203,1.506,0.525,0.315,0.14,265,0.853871964321762
"266","ZNF765",0.602,0.274,2.549,0.51,0.315,0.141,266,0.85078088734462
"267","GTF3C5",1.321,0.0932,0.611,0.534,0.316,0.142,267,0.847711655616944
"268","SETDB1",0.053,0.479,1.036,0.629,0.316,0.142,268,0.847711655616944
"269","ZNF75D",0.793,0.214,2.127,0.51,0.317,0.143,269,0.844663962534938
"270","ZNF445",0.755,0.225,1.817,0.52,0.317,0.143,270,0.844663962534938
"271","ZNF770",0.76,0.224,1.786,0.52,0.317,0.144,271,0.84163750790475
"272","ZFP37",1.201,0.115,0.838,0.527,0.319,0.146,272,0.835647144215563
"273","SS18",0.795,0.213,1.152,0.539,0.319,0.146,273,0.835647144215563
"274","ZNF675",0.622,0.267,2.346,0.511,0.32,0.148,274,0.829738284605043
"275","ZNF239",0.95,0.171,1.643,0.515,0.32,0.148,275,0.829738284605043
"276","DPPA2",0.724,0.234,1.872,0.517,0.32,0.148,276,0.829738284605043
"277","MECP2",1.32,0.0935,0.393,0.538,0.321,0.148,277,0.829738284605043
"278","POLR2M",0.902,0.184,0.237,0.576,0.321,0.149,278,0.826813731587726
"279","CDC5L",0.945,0.172,1.282,0.523,0.322,0.151,279,0.821023052706831
"280","ZNF823",0.678,0.249,2.065,0.514,0.325,0.155,280,0.809668301829709
"281","OTX2",0.176,0.43,0.985,0.599,0.326,0.157,281,0.804100347590766
"282","ZNF623",0.901,0.184,1.738,0.512,0.327,0.157,282,0.804100347590766
"283","ZNF384",0.876,0.191,1.354,0.521,0.327,0.158,283,0.801342913045577
"284","ZNF169",0.707,0.24,1.873,0.516,0.327,0.158,284,0.801342913045577
"285","ZBTB6",1.143,0.127,1.059,0.519,0.327,0.158,285,0.801342913045577
"286","CBX5",0.66,0.255,1.405,0.533,0.328,0.159,286,0.798602875679548
"287","SMARCC2",1.156,0.124,0.901,0.524,0.328,0.159,287,0.798602875679548
"288","RUNX1T1",1.198,0.116,0.946,0.52,0.329,0.16,288,0.795880017344075
"289","NR2F1",0.962,0.168,1.587,0.511,0.329,0.16,289,0.795880017344075
"290","ZNF558",0.801,0.212,1.582,0.518,0.33,0.161,290,0.79317412396815
"291","MYNN",0.72,0.236,1.421,0.527,0.33,0.162,291,0.790484985457369
"292","ZKSCAN1",0.796,0.213,1.695,0.516,0.33,0.162,292,0.790484985457369
"293","ZC3H8",1.164,0.122,1.166,0.516,0.331,0.163,293,0.787812395596042
"294","ZNF394",1.059,0.145,1.001,0.522,0.332,0.165,294,0.782516055786094
"295","EBF1",1.129,0.129,1.064,0.517,0.335,0.169,295,0.772113295386326
"296","EBNA3C",1.133,0.129,1.224,0.515,0.335,0.169,296,0.772113295386326
"297","FANCD2",0.657,0.256,1.934,0.513,0.335,0.169,297,0.772113295386326
"298","ZNF320",0.853,0.197,1.822,0.508,0.335,0.17,298,0.769551078621726
"299","CHD7",0.709,0.239,0.933,0.544,0.336,0.17,299,0.769551078621726
"300","ZNF600",1.019,0.154,1.206,0.517,0.336,0.17,300,0.769551078621726
"301","EGR2",0.983,0.163,0.521,0.542,0.337,0.172,301,0.764471553092451
"302","EOMES",0.575,0.283,1.367,0.532,0.339,0.175,302,0.756961951313706
"303","ZNF280D",0.959,0.169,1.251,0.516,0.341,0.178,303,0.749579997691106
"304","SPI1",0.496,0.31,0.279,0.6,0.342,0.179,304,0.747146969020107
"305","CBX6",0.828,0.204,0.751,0.538,0.342,0.18,305,0.744727494896694
"306","PRDM14",0.752,0.226,1.465,0.52,0.343,0.181,306,0.742321425130815
"307","ETV6",0.763,0.223,1.051,0.532,0.343,0.182,307,0.739928612014925
"308","NFIC",0.391,0.348,0.609,0.582,0.344,0.184,308,0.735182176990464
"309","DROSHA",1.005,0.157,0.074,0.554,0.345,0.184,309,0.735182176990464
"310","ZNF331",0.554,0.29,2.224,0.507,0.345,0.184,310,0.735182176990464
"311","CHAMP1",0.941,0.173,1.296,0.515,0.345,0.185,311,0.732828271596986
"312","RUNX1",0.498,0.309,0.245,0.597,0.347,0.188,312,0.72584215073632
"313","GLIS2",1.263,0.103,0.188,0.534,0.347,0.188,313,0.72584215073632
"314","SKI",0.852,0.197,0.935,0.527,0.349,0.192,314,0.71669877129645
"315","ZNF563",0.635,0.263,1.845,0.511,0.349,0.192,315,0.71669877129645
"316","WHSC1",0.822,0.205,1.653,0.509,0.35,0.194,316,0.712198270069774
"317","PRDM10",0.956,0.17,1.226,0.514,0.351,0.194,317,0.712198270069774
"318","SP7",0.975,0.165,1.048,0.516,0.352,0.196,318,0.707743928643524
"319","ZNF547",0.837,0.201,1.112,0.519,0.355,0.202,319,0.694648630553376
"320","AFF1",0.626,0.266,0.055,0.584,0.355,0.202,320,0.694648630553376
"321","MIER1",0.88,0.189,1.209,0.516,0.356,0.203,321,0.692503962086787
"322","ZNF335",1.172,0.121,0.412,0.525,0.356,0.203,322,0.692503962086787
"323","CHD8",0.389,0.349,0.985,0.549,0.357,0.204,323,0.690369832574101
"324","TFAP2A",0.816,0.207,0.925,0.526,0.358,0.206,324,0.686132779630847
"325","STAT4",0.447,0.328,1.244,0.534,0.359,0.208,325,0.681936665037238
"326","DNMT3B",-0.025,0.51,0.483,0.641,0.359,0.209,326,0.679853713888946
"327","SCRT2",0.764,0.222,1.7,0.507,0.359,0.209,327,0.679853713888946
"328","TRIM22",0.986,0.162,0.835,0.517,0.362,0.213,328,0.671620396561262
"329","PRDM12",0.486,0.313,2.161,0.503,0.365,0.218,329,0.661543506395395
"330","ZNF740",0.554,0.29,0.375,0.561,0.365,0.219,330,0.659555885159882
"331","ZNF534",0.787,0.216,0.964,0.522,0.366,0.219,331,0.659555885159882
"332","FAIRE",0.003,0.499,0.301,0.668,0.366,0.221,332,0.655607726314889
"333","ZNF792",0.917,0.18,0.797,0.518,0.371,0.228,333,0.642065152999546
"334","NFE2",0.323,0.373,0.352,0.578,0.372,0.231,334,0.636388020107856
"335","ZNF549",0.471,0.319,2.075,0.502,0.374,0.235,335,0.628932137728264
"336","ZBTB42",0.676,0.25,1.368,0.514,0.375,0.236,336,0.627087997029893
"337","PROX1",0.682,0.248,0.749,0.532,0.376,0.238,337,0.623423042943488
"338","ZNF22",0.543,0.294,1.782,0.506,0.379,0.243,338,0.614393726401688
"339","INTS11",1.29,0.0985,-0.139,0.527,0.379,0.244,339,0.612610173661271
"340","ZNF467",0.767,0.222,0.813,0.52,0.381,0.247,340,0.607303046740334
"341","EHMT2",0.273,0.393,1.51,0.522,0.381,0.248,341,0.605548319173784
"342","ZNF641",0.801,0.212,1.09,0.511,0.382,0.25,342,0.602059991327962
"343","NFKB2",0.824,0.205,1.178,0.509,0.382,0.25,343,0.602059991327962
"344","ZNF485",0.511,0.305,1.793,0.504,0.383,0.252,344,0.598599459218456
"345","C11orf30",0.613,0.27,1.423,0.509,0.384,0.254,345,0.595166283380062
"346","NFATC3",0.652,0.257,1.263,0.512,0.385,0.255,346,0.593459819566045
"347","IRF4",0.986,0.162,0.949,0.506,0.387,0.258,347,0.58838029403677
"348","ZNF257",0.715,0.237,0.955,0.516,0.387,0.259,348,0.586700235918748
"349","DDX5",0.216,0.415,1.159,0.535,0.388,0.26,349,0.585026652029182
"350","MAFF",0.435,0.332,1.576,0.511,0.388,0.26,350,0.585026652029182
"351","ETV4",0.046,0.482,-0.031,0.627,0.391,0.266,351,0.575118363368933
"352","KLF17",0.969,0.166,0.395,0.519,0.391,0.267,352,0.573488738635425
"353","MYC",0.652,0.257,-0.787,0.595,0.394,0.272,353,0.565431095965801
"354","ZNF692",0.954,0.17,0.492,0.516,0.396,0.276,354,0.559090917934782
"355","TSHZ1",0.7,0.242,1.351,0.504,0.398,0.279,355,0.554395796726402
"356","HLTF",0.82,0.206,0.837,0.511,0.398,0.28,356,0.552841968657781
"357","ZNF17",0.399,0.345,1.95,0.498,0.401,0.286,357,0.543633966870957
"358","TCF4",-0.418,0.662,0.805,0.587,0.402,0.288,358,0.540607512240769
"359","SP1",0.695,0.244,-0.653,0.572,0.402,0.289,359,0.539102157243452
"360","GTF2A2",0.483,0.315,1.596,0.503,0.403,0.29,360,0.537602002101044
"361","CBFB",0.626,0.266,-0.733,0.574,0.409,0.303,361,0.518557371497695
"362","NFKB1",0.874,0.191,0.702,0.508,0.41,0.304,362,0.517126416391246
"363","NR4A1",0.53,0.298,0.98,0.515,0.41,0.304,363,0.517126416391246
"364","ADNP",0.747,0.227,0.962,0.507,0.411,0.305,364,0.515700160653214
"365","ELF3",0.765,0.222,0.886,0.508,0.411,0.306,365,0.51427857351842
"366","ATF2",0.254,0.4,0.587,0.541,0.413,0.31,366,0.508638306165727
"367","ZFP2",0.764,0.222,0.25,0.524,0.413,0.31,367,0.508638306165727
"368","ZNF414",0.912,0.181,0.327,0.515,0.414,0.313,368,0.504455662453552
"369","ZNF429",0.374,0.354,1.896,0.497,0.414,0.313,369,0.504455662453552
"370","ZNF490",0.379,0.352,1.86,0.497,0.416,0.316,370,0.500312917381596
"371","ZFP69B",0.869,0.192,0.377,0.515,0.416,0.317,371,0.498940737782249
"372","DPF2",0.284,0.388,1.265,0.515,0.418,0.321,372,0.493494967595128
"373","PAX3",0.451,0.326,1.53,0.501,0.418,0.321,373,0.493494967595128
"374","ZSCAN16",0.612,0.27,1.468,0.497,0.418,0.321,374,0.493494967595128
"375","MEF2D",0.603,0.273,1.298,0.501,0.419,0.322,375,0.492144128304169
"376","ZNF284",0.384,0.351,1.798,0.497,0.419,0.323,376,0.490797477668897
"377","PARP1",0.349,0.364,1.896,0.495,0.42,0.324,377,0.489454989793388
"378","JMJD1C",0.762,0.223,0.602,0.512,0.421,0.326,378,0.486782399932061
"379","ZNF766",0.537,0.296,1.418,0.5,0.421,0.326,379,0.486782399932061
"380","ZSCAN23",0.71,0.239,0.684,0.511,0.422,0.328,380,0.484126156288321
"381","SND1",0.561,0.287,0.79,0.515,0.422,0.328,381,0.484126156288321
"382","ZNF750",0.468,0.32,1.393,0.502,0.422,0.329,382,0.482804102050026
"383","CBX8",0.32,0.374,-0.411,0.576,0.425,0.334,383,0.476253533188435
"384","ZNF423",0.823,0.205,0.312,0.515,0.427,0.339,384,0.469800301796918
"385","PKNOX1",0.536,0.296,1.394,0.499,0.427,0.339,385,0.469800301796918
"386","ZBTB7A",0.991,0.161,-0.723,0.532,0.427,0.34,386,0.468521082957745
"387","BACH2",0.711,0.238,0.645,0.509,0.429,0.343,387,0.464705879957229
"388","SCRT1",0.428,0.334,1.245,0.504,0.431,0.348,388,0.458420756053419
"389","POLR2AphosphoS5",0.851,0.198,0.407,0.509,0.432,0.349,389,0.45717457304082
"390","HDAC2",0.703,0.241,-0.541,0.544,0.432,0.351,390,0.454692883534176
"391","PCGF1",0.706,0.24,-0.901,0.556,0.432,0.351,391,0.454692883534176
"392","ZNF597",0.596,0.276,0.802,0.509,0.433,0.352,392,0.453457336521869
"393","TBL1X",0.711,0.238,0.319,0.516,0.434,0.354,393,0.450996737974212
"394","NR2F2",-0.356,0.639,0.183,0.595,0.434,0.355,394,0.449771646944906
"395","REPIN1",0.248,0.402,0.916,0.518,0.436,0.358,395,0.446116973356126
"396","BRD3",0.183,0.428,-0.845,0.607,0.436,0.359,396,0.444905551421681
"397","ING2",0.62,0.268,0.632,0.51,0.436,0.359,397,0.444905551421681
"398","ZNF589",0.642,0.26,0.648,0.509,0.437,0.362,398,0.441291429466834
"399","EZH1",0.267,0.395,-1.146,0.615,0.439,0.365,399,0.437707135543525
"400","CSDE1",0.758,0.224,0.815,0.501,0.44,0.366,400,0.436518914605589
"401","HINFP",0.432,0.333,0.327,0.525,0.44,0.367,401,0.435333935747911
"402","ZNF468",0.725,0.234,0.15,0.517,0.441,0.369,402,0.43297363384094
"403","ZNF121",0.572,0.284,0.775,0.508,0.441,0.37,403,0.431798275933005
"404","ZNF273",0.754,0.225,-0.003,0.52,0.443,0.373,404,0.428291168191312
"405","HMG20A",0.556,0.289,0.789,0.507,0.444,0.376,405,0.424812155072339
"406","HDAC8",0.706,0.24,0.593,0.504,0.448,0.385,406,0.414539270491499
"407","ZNF425",0.441,0.33,1.152,0.501,0.45,0.389,407,0.410050398674292
"408","PLRG1",0.224,0.412,1.816,0.49,0.452,0.392,408,0.406713932979543
"409","CEBPD",0.195,0.423,0.02,0.544,0.453,0.394,409,0.404503778174426
"410","HNF1B",0.464,0.322,0.998,0.502,0.453,0.394,410,0.404503778174426
"411","PSIP1",0.483,0.315,0.7,0.508,0.453,0.395,411,0.40340290437354
"412","NOTCH3",0.177,0.43,1.914,0.487,0.454,0.398,412,0.400116927926312
"413","INSM2",0.704,0.241,0.542,0.504,0.455,0.4,413,0.397940008672038
"414","ZNF584",0.58,0.281,0.657,0.504,0.456,0.401,414,0.396855627379818
"415","MCM7",0.259,0.398,1.334,0.5,0.459,0.408,415,0.38933983691012
"416","USF2",0.335,0.369,-0.284,0.54,0.459,0.409,416,0.388276691992658
"417","UHRF2",0.708,0.239,-0.115,0.516,0.463,0.416,417,0.380906669373257
"418","NONO",-0.101,0.54,1.641,0.501,0.464,0.419,418,0.377785977033705
"419","KMT2A",0.161,0.436,-1.06,0.584,0.465,0.421,419,0.375717904164332
"420","ZNF519",0.702,0.241,-0.093,0.516,0.465,0.422,420,0.374687549038326
"421","ZNF501",0.803,0.211,-0.1,0.51,0.467,0.426,421,0.370590400897281
"422","NIPBL",-0.129,0.551,-0.646,0.583,0.471,0.434,422,0.362510270487489
"423","LANA",0.346,0.365,-0.555,0.544,0.471,0.435,423,0.361510743045363
"424","ZNF664",0.413,0.34,1.028,0.496,0.472,0.436,424,0.360513510731414
"425","TFAP2C",-0.036,0.515,0.547,0.524,0.472,0.438,425,0.3585258894959
"426","CUX1",0.184,0.427,0.796,0.51,0.472,0.438,426,0.3585258894959
"427","ZNF134",0.278,0.391,1.381,0.492,0.472,0.438,427,0.3585258894959
"428","H2AFX",-0.745,0.772,0.691,0.549,0.475,0.443,428,0.35359627377693
"429","WDR5",0.03,0.488,-1.158,0.586,0.477,0.448,429,0.348721986001856
"430","ZBTB1",0.448,0.327,0.445,0.507,0.477,0.448,430,0.348721986001856
"431","INTS12",0.677,0.249,-0.14,0.514,0.477,0.448,431,0.348721986001856
"432","SRCAP",0.2,0.421,1.47,0.488,0.482,0.461,432,0.336299074610352
"433","XCL1",0.548,0.292,0.214,0.507,0.485,0.467,433,0.330683119433888
"434","NFRKB",0.574,0.283,0.278,0.503,0.486,0.469,434,0.328827157284917
"435","ZBTB8A",0.788,0.215,-0.337,0.509,0.487,0.47,435,0.327902142064283
"436","RUNX3",0.425,0.335,0.666,0.5,0.488,0.473,436,0.325138859262188
"437","RXRG",0.358,0.36,0.185,0.514,0.489,0.474,437,0.324221658325915
"438","SP4",0.494,0.311,-0.601,0.524,0.491,0.48,438,0.318758762624413
"439","NCAPH2",0.842,0.2,-0.76,0.513,0.492,0.482,439,0.31695296176115
"440","WT1",0.521,0.301,0.362,0.501,0.494,0.486,440,0.313363730737707
"441","GATA3",-2.103,0.982,0.848,0.575,0.495,0.488,441,0.311580177997289
"442","GPS2",0.541,0.294,0.134,0.506,0.495,0.488,442,0.311580177997289
"443","PAX5",0.151,0.44,0.148,0.52,0.495,0.49,443,0.309803919971486
"444","ID3",0.523,0.3,0.501,0.497,0.496,0.49,444,0.309803919971486
"445","GATAD1",0.419,0.337,-0.205,0.516,0.496,0.49,445,0.309803919971486
"446","POU2F2",0.523,0.3,0.43,0.498,0.497,0.493,446,0.30715308072277
"447","CTBP2",-0.231,0.591,-0.602,0.565,0.498,0.494,447,0.306273051076353
"448","ZNF341",0.74,0.23,-0.214,0.504,0.498,0.495,448,0.305394801066431
"449","CHAT",0.117,0.453,1.417,0.486,0.498,0.495,449,0.305394801066431
"450","ZNF280A",0.055,0.478,1.55,0.48,0.5,0.499,450,0.30189945437661
"451","GATA2",-1.564,0.941,0.683,0.569,0.5,0.499,451,0.30189945437661
"452","ZNF93",0.295,0.384,0.92,0.493,0.5,0.501,452,0.300162274132754
"453","ZNF182",0.285,0.388,0.932,0.492,0.502,0.504,453,0.297569463554475
"454","FOXP2",0.578,0.282,0.163,0.501,0.502,0.505,454,0.296708621881339
"455","CHD2",0.278,0.391,-0.891,0.538,0.503,0.507,455,0.294992040666664
"456","ZNF26",0.087,0.465,1.421,0.482,0.504,0.508,456,0.294136287716081
"457","GTF2F1",0.156,0.438,-0.749,0.538,0.507,0.515,457,0.288192770958809
"458","ZNF780A",0.104,0.459,1.353,0.482,0.507,0.515,458,0.288192770958809
"459","NR1H2",0.397,0.346,0.435,0.499,0.507,0.516,459,0.287350298372789
"460","SOX11",-0.094,0.538,1.259,0.493,0.508,0.517,460,0.286509456906058
"461","E2F5",0.493,0.311,0.309,0.499,0.508,0.519,461,0.284832642151542
"462","INTS3",0.369,0.356,0.558,0.496,0.51,0.522,462,0.282329496997738
"463","HMBOX1",0.243,0.404,0.926,0.49,0.51,0.522,463,0.282329496997738
"464","ZNF35",0.366,0.357,0.566,0.496,0.51,0.523,464,0.281498311132726
"465","ZNF346",0.626,0.266,-0.145,0.502,0.51,0.524,465,0.280668713016273
"466","MAF",-0.41,0.659,-0.233,0.548,0.512,0.528,466,0.277366077466188
"467","LYL1",-0.371,0.645,0.435,0.522,0.513,0.528,467,0.277366077466188
"468","CREB3",0.386,0.35,0.616,0.492,0.513,0.529,468,0.276544327964814
"469","ZNF618",0.352,0.363,0.558,0.496,0.514,0.531,469,0.274905478918531
"470","OSR2",0.299,0.383,0.761,0.491,0.514,0.532,470,0.274088367704952
"471","GLI4",0.53,0.298,0.12,0.5,0.514,0.532,471,0.274088367704952
"472","ZNF605",0.131,0.448,1.219,0.484,0.515,0.534,472,0.272458742971444
"473","ZNF281",0.466,0.321,0.066,0.502,0.516,0.536,473,0.27083521030723
"474","MBD2",-0.79,0.785,-1.144,0.644,0.517,0.539,474,0.268411234813261
"475","NFIA",0.002,0.499,0.64,0.502,0.518,0.541,475,0.266802734893431
"476","CDK8",-0.09,0.536,-0.959,0.55,0.519,0.543,476,0.265200170411153
"477","ZNF768",0.161,0.436,1.054,0.486,0.519,0.544,477,0.26440110030182
"478","KLF8",0.56,0.288,-0.4,0.507,0.519,0.544,478,0.26440110030182
"479","HOXA9",0.157,0.438,0.834,0.492,0.52,0.545,479,0.263603497723358
"480","ZKSCAN5",0.466,0.321,-0.017,0.502,0.521,0.548,480,0.261219441515631
"481","CHD5",0.243,0.404,0.789,0.49,0.522,0.549,481,0.260427655549908
"482","PATZ1",0.417,0.338,-0.913,0.522,0.522,0.549,482,0.260427655549908
"483","SUMO2",-2.328,0.99,0.063,0.622,0.523,0.552,483,0.258060922270801
"484","SIX4",-0.1,0.54,1.673,0.471,0.524,0.554,484,0.25649023527157
"485","NR1H3",0.219,0.413,0.395,0.5,0.526,0.558,485,0.253365801062421
"486","EGR1",0.006,0.498,-1.172,0.546,0.528,0.562,486,0.250263684430939
"487","SIRT6",0.198,0.422,0.824,0.488,0.528,0.562,487,0.250263684430939
"488","RAD51",-0.16,0.563,0.599,0.507,0.529,0.565,488,0.247951552180562
"489","ZNF324",0.423,0.336,-0.252,0.506,0.529,0.565,489,0.247951552180562
"490","ZMIZ1",0.383,0.351,0.199,0.498,0.53,0.566,490,0.247183568811729
"491","BIRA",-0.109,0.544,0.939,0.495,0.531,0.569,491,0.244887733604929
"492","MBD1",0.394,0.347,-0.418,0.51,0.531,0.569,492,0.244887733604929
"493","PML",0.203,0.42,-0.077,0.509,0.532,0.571,493,0.243363891754152
"494","STAT5A",0.245,0.403,0.17,0.501,0.534,0.577,494,0.238824186844269
"495","ZNF528",0.334,0.369,0.303,0.495,0.535,0.578,495,0.238072161579471
"496","RFX5",-0.127,0.55,-0.856,0.541,0.535,0.579,496,0.237321436272564
"497","GFI1B",-0.105,0.542,0.476,0.504,0.536,0.581,497,0.235823867609669
"498","TCF7L2",-0.77,0.779,-0.531,0.563,0.537,0.582,498,0.235077015350112
"499","HNF4A",-0.706,0.76,0.269,0.531,0.537,0.583,499,0.234331445240986
"500","KLF4",-0.565,0.714,-0.092,0.535,0.537,0.584,500,0.233587152887601
"501","ZSCAN29",0.408,0.342,0.158,0.494,0.537,0.584,501,0.233587152887601
"502","ZIM3",0.017,0.493,1.084,0.479,0.538,0.585,502,0.23284413391782
"503","HAND2",0.012,0.495,1.073,0.477,0.54,0.589,503,0.229884705212898
"504","ZNF674",0.447,0.327,-0.303,0.501,0.541,0.593,504,0.226945306635737
"505","ZNF304",-0.011,0.504,1.173,0.476,0.542,0.593,505,0.226945306635737
"506","ZNF391",0.36,0.359,-0.302,0.503,0.545,0.6,506,0.221848749616356
"507","EWSR1",-0.48,0.684,0.16,0.52,0.545,0.601,507,0.22112552799726
"508","GATAD2B",-0.475,0.683,-0.424,0.537,0.546,0.603,508,0.219682687859849
"509","TBL1XR1",0.306,0.38,0.022,0.498,0.549,0.61,509,0.214670164989233
"510","TET3",0.182,0.428,-0.842,0.517,0.552,0.615,510,0.211124884224583
"511","ZNF611",0.296,0.384,0.166,0.493,0.552,0.615,511,0.211124884224583
"512","ZNF317",-0.26,0.603,1.123,0.487,0.552,0.616,512,0.210419287835575
"513","EBF3",-0.198,0.578,0.875,0.49,0.553,0.618,513,0.209011524911184
"514","ZNF573",-0.038,0.515,1.054,0.475,0.555,0.622,514,0.206209615309181
"515","GATA1",-0.897,0.815,0.549,0.518,0.556,0.624,515,0.204815410317576
"516","MCM3",0.098,0.461,0.611,0.483,0.558,0.629,516,0.201349354554731
"517","SCML2",0.307,0.379,-0.073,0.495,0.559,0.63,517,0.200659450546418
"518","ZNF695",0.328,0.372,-0.077,0.494,0.559,0.631,518,0.199970640755866
"519","TBX21",0.292,0.385,0.256,0.488,0.559,0.632,519,0.199282921717615
"520","TARDBP",0.427,0.335,-0.235,0.493,0.56,0.632,520,0.199282921717615
"521","BANP",-0.158,0.563,0.691,0.492,0.561,0.636,521,0.196542884351586
"522","POLR2H",0.328,0.371,-0.089,0.493,0.564,0.641,522,0.193141970481183
"523","ESR1",-16.626,1,-0.322,0.605,0.564,0.643,523,0.191789027075778
"524","ZNF518A",0.336,0.368,-0.218,0.495,0.565,0.643,524,0.191789027075778
"525","SATB1",-0.274,0.608,0.864,0.488,0.567,0.647,525,0.1890957193313
"526","ZSCAN20",0.211,0.417,0.264,0.486,0.569,0.652,526,0.18575240426808
"527","NCOA1",0.225,0.411,0.239,0.486,0.57,0.654,527,0.184422251675733
"528","NR2F6",-0.256,0.601,0.43,0.499,0.57,0.655,528,0.183758700008217
"529","EBNA3",0.123,0.451,0.398,0.484,0.57,0.656,529,0.18309616062434
"530","SOX10",-0.048,0.519,0.841,0.474,0.571,0.657,530,0.182434630440219
"531","CBX4",0.425,0.335,-0.707,0.5,0.572,0.658,531,0.181774106386044
"532","SETX",0.319,0.375,-0.31,0.494,0.574,0.664,532,0.177831920631982
"533","C17orf49",0.378,0.353,-0.38,0.493,0.576,0.667,533,0.175874166083451
"534","TFDP1",-0.097,0.539,-0.705,0.515,0.576,0.668,534,0.175223537524454
"535","ZNF146",-0.134,0.553,0.373,0.493,0.576,0.668,535,0.175223537524454
"536","ZNF671",0.073,0.471,0.423,0.481,0.576,0.668,536,0.175223537524454
"537","LEF1",-0.399,0.655,-0.859,0.531,0.577,0.669,537,0.174573882232177
"538","ZNF133",-0.125,0.55,1.012,0.47,0.577,0.67,538,0.173925197299174
"539","ZKSCAN8",0.169,0.433,0.128,0.489,0.578,0.671,539,0.173277479831008
"540","MYB",-0.021,0.508,0.032,0.497,0.58,0.675,540,0.170696227168975
"541","BCL6",-0.485,0.686,-0.492,0.521,0.58,0.676,541,0.170053304058364
"542","MLLT1",-0.031,0.512,-0.691,0.51,0.581,0.677,542,0.169411331314856
"543","FOXM1",-1.899,0.971,-1.079,0.612,0.582,0.679,543,0.168130225719498
"544","PPARG",-1.271,0.898,-0.245,0.538,0.585,0.686,544,0.163675884293248
"545","RBL2",0.027,0.489,-0.636,0.505,0.586,0.688,545,0.162411561764489
"546","SIX2",-0.293,0.615,0.873,0.477,0.587,0.689,546,0.161780778092374
"547","KLF1",0.093,0.463,-0.75,0.506,0.587,0.691,547,0.160521952625802
"548","GATA4",-1.992,0.977,0.445,0.527,0.588,0.692,548,0.159893905543242
"549","CBFA2T2",-0.014,0.506,0.474,0.476,0.59,0.696,549,0.157390760389438
"550","HDAC1",-0.665,0.747,-1.47,0.558,0.591,0.698,550,0.156144577376839
"551","ZNF101",-0.071,0.528,0.225,0.488,0.591,0.699,551,0.155522824254319
"552","PR",-5.546,1,-0.425,0.577,0.593,0.702,552,0.153662887870195
"553","WRNIP1",0.239,0.406,-0.323,0.49,0.593,0.702,553,0.153662887870195
"554","ARNTL",-0.994,0.84,-0.97,0.548,0.593,0.703,554,0.153044674980176
"555","TERF1",0.057,0.477,0.195,0.48,0.594,0.704,555,0.152427340857888
"556","HJURP",-0.155,0.562,0.825,0.468,0.595,0.705,556,0.151810883008601
"557","TBP",-0.243,0.596,-1.401,0.529,0.596,0.708,557,0.149966742310231
"558","SP3",0.396,0.346,-0.946,0.496,0.599,0.714,558,0.146301788223826
"559","KLF7",0.205,0.419,-0.554,0.493,0.599,0.714,559,0.146301788223826
"560","MKL1",0.228,0.41,-0.382,0.489,0.6,0.715,560,0.145693958198919
"561","MXI1",0.082,0.467,-1.339,0.514,0.601,0.719,561,0.143271109617117
"562","E2F4",-0.643,0.74,-1.25,0.536,0.601,0.719,562,0.143271109617117
"563","NUP98-HOXA9",-0.1,0.54,0.585,0.471,0.601,0.719,563,0.143271109617117
"564","COPS2",0.148,0.441,-0.133,0.485,0.602,0.72,564,0.142667503568732
"565","ARID3A",-0.593,0.723,-0.174,0.51,0.602,0.72,565,0.142667503568732
"566","TAF7",-0.489,0.688,-0.88,0.521,0.603,0.722,566,0.141462802430361
"567","ZNF441",0.288,0.387,-0.703,0.492,0.603,0.722,567,0.141462802430361
"568","RBBP5",-0.325,0.628,-1.468,0.533,0.603,0.722,568,0.141462802430361
"569","ZNF84",-0.107,0.543,0.583,0.47,0.606,0.727,569,0.138465589140962
"570","FOXP1",-1.1,0.864,-1.069,0.547,0.606,0.729,570,0.137272471682025
"571","MEF2B",-1.32,0.907,0,0.522,0.607,0.729,571,0.137272471682025
"572","TLX1",-0.033,0.513,0.311,0.475,0.607,0.729,572,0.137272471682025
"573","ZNF274",-0.661,0.746,1.021,0.476,0.607,0.73,573,0.136677139879544
"574","ZNF71",0.148,0.441,-0.841,0.5,0.607,0.73,574,0.136677139879544
"575","NBN",-0.427,0.665,-0.195,0.504,0.608,0.731,575,0.13608262304214
"576","FEZF1",-0.103,0.541,0.315,0.477,0.609,0.733,576,0.134896025358872
"577","CBX1",-0.074,0.529,-0.736,0.502,0.611,0.737,577,0.132532512140949
"578","ZXDB",0.308,0.379,-0.807,0.49,0.611,0.737,578,0.132532512140949
"579","ZFX",-1.12,0.869,-1.369,0.556,0.611,0.738,579,0.131943638176958
"580","ELF1",-0.722,0.765,-1.565,0.549,0.612,0.739,580,0.131355561605174
"581","CHD1",-0.892,0.814,-1.492,0.551,0.612,0.739,581,0.131355561605174
"582","LMO2",-0.191,0.576,0.289,0.481,0.612,0.74,582,0.130768280269024
"583","GRIP1",-0.519,0.698,0.204,0.496,0.612,0.74,583,0.130768280269024
"584","ZBTB33",-1.746,0.96,-1.32,0.58,0.613,0.741,584,0.130181792020672
"585","ZNF76",-0.327,0.628,-0.958,0.516,0.613,0.742,585,0.129596094720973
"586","MED1",-3.721,1,-1.746,0.739,0.614,0.743,586,0.129011186239425
"587","BCLAF1",0.039,0.484,-0.541,0.492,0.614,0.744,587,0.128427064454121
"588","MEIS1",-0.475,0.683,0.337,0.49,0.615,0.745,588,0.127843727251707
"589","AR",-18.349,1,-0.368,0.555,0.615,0.745,589,0.127843727251707
"590","PHOX2B",-0.289,0.614,0.81,0.459,0.617,0.748,590,0.126098402135539
"591","ZNF580",0.161,0.436,-0.393,0.485,0.617,0.749,591,0.125518182300534
"592","MORC2",-0.771,0.78,-1.048,0.529,0.618,0.751,592,0.124360062995832
"593","BRCA1",-0.948,0.828,-1.162,0.536,0.62,0.754,593,0.122628654130226
"594","KDM6A",-0.029,0.512,0.099,0.475,0.621,0.757,594,0.120904120499927
"595","ZNF639",-0.228,0.59,-0.663,0.502,0.622,0.757,595,0.120904120499927
"596","TRRAP",0.048,0.481,-0.389,0.486,0.622,0.759,596,0.11975822410452
"597","KLF15",-0.582,0.72,-1.474,0.533,0.623,0.76,597,0.119186407719209
"598","ZNF197",0.061,0.476,-0.345,0.482,0.624,0.761,598,0.118615343229427
"599","ZNF44",0.008,0.497,-0.181,0.477,0.625,0.765,599,0.116338564846382
"600","ZSCAN5A",0.102,0.46,-0.607,0.488,0.626,0.765,600,0.116338564846382
"601","BRD2",-0.679,0.751,-1.44,0.534,0.627,0.768,601,0.114638779968488
"602","KLF9",-0.317,0.625,-1.466,0.52,0.627,0.768,602,0.114638779968488
"603","ZNF644",-0.069,0.528,-0.266,0.485,0.628,0.769,603,0.114073660198569
"604","XBP1",-1.034,0.849,-0.799,0.524,0.628,0.77,604,0.113509274827518
"605","MYH11",-0.249,0.598,-1.542,0.519,0.629,0.771,605,0.112945621949043
"606","MLLT3",0.038,0.485,-0.349,0.479,0.631,0.775,606,0.11069829749369
"607","HLF",-0.336,0.632,0.585,0.465,0.632,0.776,607,0.110138278741812
"608","KDM1B",-0.412,0.66,0.818,0.451,0.633,0.778,608,0.109020403010311
"609","ZNF136",-0.525,0.7,1.018,0.444,0.633,0.779,609,0.108462542327436
"610","NFYB",-0.121,0.548,-0.336,0.487,0.634,0.781,610,0.1073489661227
"611","ZNF585A",-0.103,0.541,0.146,0.471,0.634,0.781,611,0.1073489661227
"612","ZNF440",-0.393,0.653,0.752,0.452,0.634,0.781,612,0.1073489661227
"613","USP49",-0.552,0.71,1.029,0.442,0.635,0.782,613,0.106793246940152
"614","HOXB13",-3.399,1,0.147,0.524,0.636,0.783,614,0.106238237942057
"615","E2F1",-3.405,1,-1.682,0.606,0.636,0.783,615,0.106238237942057
"616","PBX1",-0.689,0.755,-0.309,0.503,0.637,0.786,616,0.104577453960592
"617","ZNF264",-0.266,0.605,-0.107,0.485,0.639,0.788,617,0.103473782510445
"618","TAL1",-1.367,0.914,0.526,0.499,0.639,0.789,618,0.10292299679058
"619","SIN3A",-0.904,0.817,-1.698,0.541,0.642,0.793,619,0.100726812682396
"620","MYCN",-0.206,0.582,-1.014,0.502,0.643,0.795,620,0.0996328713435297
"621","YBX3",-0.274,0.608,-0.092,0.481,0.643,0.795,621,0.0996328713435297
"622","PAX6",-1.322,0.907,-0.727,0.524,0.643,0.796,622,0.0990869322623309
"623","KRAB",-0.246,0.597,-0.18,0.482,0.644,0.797,623,0.0985416786038876
"624","DPF1",-0.347,0.636,-0.499,0.494,0.644,0.797,624,0.0985416786038876
"625","ZNF18",-0.281,0.611,-0.702,0.496,0.646,0.801,625,0.0963674839157623
"626","TAF1",-0.999,0.841,-1.667,0.536,0.65,0.806,626,0.0936649581949093
"627","ZNF808",-0.574,0.717,0.869,0.44,0.65,0.807,627,0.0931264652779296
"628","RBPJ",-0.898,0.816,-1.108,0.519,0.65,0.808,628,0.0925886392254138
"629","TERF2",-0.115,0.546,-0.124,0.47,0.652,0.81,629,0.0915149811213502
"630","PRDM11",-0.146,0.558,-1.158,0.5,0.652,0.811,630,0.0909791457888439
"631","SPDEF",-0.562,0.713,-0.728,0.501,0.654,0.814,631,0.0893755951107988
"632","TAT",-0.214,0.585,0.129,0.464,0.655,0.815,632,0.0888423912600234
"633","MBTD1",0.038,0.485,-0.83,0.479,0.656,0.818,633,0.087246696328677
"634","HOXC9",-0.492,0.689,0.458,0.457,0.656,0.818,634,0.087246696328677
"635","ZNF778",-0.245,0.597,0.007,0.469,0.657,0.819,635,0.0867160982395816
"636","ZNF682",-0.063,0.525,-0.711,0.48,0.657,0.819,636,0.0867160982395816
"637","ZBED1",-0.161,0.564,-0.251,0.472,0.658,0.82,637,0.0861861476162833
"638","UBTF",-0.181,0.572,-1.316,0.501,0.659,0.822,638,0.0851281824599496
"639","PRDM6",-0.228,0.59,0.052,0.463,0.661,0.824,639,0.0840727883028842
"640","MBOAT4",-0.049,0.52,-0.587,0.474,0.662,0.826,640,0.0830199526796178
"641","POLR2A",-23.035,1,-2.056,0.632,0.662,0.827,641,0.0824944904474534
"642","ZBTB14",0.185,0.427,-1.366,0.487,0.662,0.827,642,0.0824944904474534
"643","SMN1",-0.589,0.722,0.727,0.439,0.663,0.828,643,0.0819696632151199
"644","CEBPA",-1.485,0.931,-0.657,0.517,0.664,0.83,644,0.0809219076239261
"645","ZBTB16",-0.413,0.66,0.056,0.471,0.664,0.83,645,0.0809219076239261
"646","KLF11",-0.107,0.543,-1.275,0.493,0.668,0.835,646,0.0783135245163979
"647","BCL3",-1.558,0.94,-1.186,0.528,0.669,0.836,647,0.0777937225609836
"648","LRWD1",-0.691,0.755,0.864,0.431,0.67,0.838,648,0.0767559813697235
"649","TCF7",-0.734,0.768,-0.232,0.49,0.672,0.841,649,0.0752040042020878
"650","NEUROD1",-1.434,0.924,-0.297,0.506,0.672,0.841,650,0.0752040042020878
"651","FOXO3",-0.235,0.593,-0.378,0.472,0.672,0.841,651,0.0752040042020878
"652","MEF2C",-0.089,0.536,-0.648,0.471,0.672,0.841,652,0.0752040042020878
"653","PITX3",-0.327,0.628,0.117,0.456,0.672,0.841,653,0.0752040042020878
"654","ORC2",-0.181,0.572,-0.313,0.466,0.672,0.842,654,0.0746879085003505
"655","LEO1",-0.131,0.552,-0.465,0.469,0.674,0.844,655,0.073657553374345
"656","ARID2",-0.206,0.582,-1.461,0.5,0.674,0.845,656,0.0731432910503077
"657","SF1",-0.633,0.737,0.625,0.435,0.675,0.846,657,0.0726296369609765
"658","GLYR1",0.028,0.489,-1.177,0.478,0.677,0.848,658,0.0716041477432862
"659","ZNF143",-1.873,0.97,-1.544,0.542,0.679,0.852,659,0.0695604052332999
"660","LMO1",-0.21,0.583,-0.337,0.464,0.68,0.852,660,0.0695604052332999
"661","ERG",-4.072,1,-2.991,0.61,0.681,0.854,661,0.0685421293109949
"662","LDB1",-0.488,0.687,0.242,0.446,0.682,0.855,662,0.0680338852718274
"663","PRAME",-0.094,0.538,-0.791,0.471,0.683,0.856,663,0.0675262353228468
"664","FOXA1",-13.733,1,-0.337,0.516,0.684,0.859,664,0.0660068361687577
"665","ZNF610",-0.065,0.526,-1.296,0.483,0.686,0.86,665,0.0655015487564323
"666","YY1",-4.21,1,-1.982,0.578,0.687,0.862,666,0.0644927341752872
"667","ZNF189",0,0.5,-1.278,0.477,0.688,0.863,667,0.0639892042847904
"668","SIX1",-0.58,0.719,-0.047,0.465,0.689,0.864,668,0.0634862575211067
"669","SETD1A",0.002,0.499,-1.527,0.487,0.689,0.865,669,0.0629838925351858
"670","HNF1A",-1.037,0.85,-0.081,0.485,0.691,0.867,670,0.0619809025237897
"671","POLR2B",-0.656,0.744,-1.404,0.504,0.691,0.867,671,0.0619809025237897
"672","ZNF248",-0.702,0.759,0.597,0.43,0.692,0.869,672,0.0609802235513335
"673","CDX2",-1.092,0.863,0.184,0.476,0.693,0.869,673,0.0609802235513335
"674","KDM4C",0.02,0.492,-1.413,0.478,0.693,0.87,674,0.0604807473813815
"675","DLX2",-0.522,0.699,0.15,0.444,0.695,0.872,675,0.0594835150674328
"676","DIDO1",-0.331,0.63,-0.502,0.466,0.695,0.872,676,0.0594835150674328
"677","HMGN3",-0.043,0.517,-1.25,0.474,0.695,0.872,677,0.0594835150674328
"678","CCNT2",-0.088,0.535,-1.114,0.471,0.697,0.875,678,0.0579919469776868
"679","CENPT",-0.802,0.789,0.637,0.422,0.697,0.875,679,0.0579919469776868
"680","GATA6",-2.258,0.988,0.373,0.489,0.699,0.877,680,0.0570004066339595
"681","AHR",-1.046,0.852,0.34,0.459,0.701,0.879,681,0.0560111249262281
"682","KLF5",-1.101,0.865,-0.907,0.501,0.701,0.88,682,0.0555173278498314
"683","ZNF343",-0.008,0.503,-1.445,0.476,0.702,0.881,683,0.0550240915879521
"684","MAPK1",-0.371,0.645,-1.606,0.497,0.703,0.882,684,0.0545314148681803
"685","ZNF83",-0.43,0.666,-0.916,0.482,0.703,0.883,685,0.0540392964224314
"686","NKRF",-0.387,0.651,-0.904,0.476,0.706,0.885,686,0.0530567293021746
"687","RFX1",-1.149,0.875,-0.34,0.488,0.706,0.885,687,0.0530567293021746
"688","OVOL3",-0.407,0.658,-0.587,0.465,0.706,0.886,688,0.0525662781129492
"689","FOXK2",-1.089,0.862,-0.505,0.488,0.709,0.889,689,0.0510982390297863
"690","ZNF786",-0.085,0.534,-1.352,0.471,0.71,0.89,690,0.0506099933550872
"691","KLF6",-0.104,0.541,-1.269,0.471,0.71,0.891,691,0.0501222959631252
"692","CCND2",-0.019,0.508,-1.556,0.476,0.712,0.893,692,0.0491485411114536
"693","MAML3",-1.155,0.876,0.438,0.444,0.712,0.893,693,0.0491485411114536
"694","GABPA",-3.394,1,-2.006,0.554,0.715,0.896,694,0.0476919903378748
"695","CDK12",-0.178,0.571,-1.14,0.466,0.715,0.896,695,0.0476919903378748
"696","STAT5",-1.688,0.954,-1.003,0.509,0.716,0.897,696,0.0472075569559079
"697","CCDC101",-0.457,0.676,-0.78,0.467,0.719,0.901,697,0.045275209020937
"698","MTA3",-1.004,0.842,-0.903,0.49,0.721,0.903,698,0.0443122496864942
"699","ETS2",-0.763,0.777,-0.559,0.474,0.722,0.903,699,0.0443122496864942
"700","INO80",-1.178,0.881,-1.51,0.508,0.723,0.904,700,0.0438315695246367
"701","ZNF483",-0.192,0.576,-1.251,0.465,0.723,0.905,701,0.0433514207947967
"702","CDK9",-2.042,0.979,-1.967,0.535,0.725,0.907,702,0.0423927129399047
"703","TFAP4",-0.663,0.746,-0.968,0.479,0.726,0.908,703,0.0419141514789149
"704","PBX2",-1.093,0.863,-0.843,0.489,0.727,0.909,704,0.0414361167780325
"705","TBX5",-1.345,0.911,0.343,0.449,0.727,0.909,705,0.0414361167780325
"706","STAT2",-0.903,0.817,-1.188,0.492,0.729,0.911,706,0.0404816230270017
"707","ZNF287",-0.962,0.832,0.325,0.412,0.733,0.914,707,0.0390538042661686
"708","EGLN2",-0.296,0.616,-1.09,0.458,0.733,0.915,708,0.0385789059335517
"709","ZBTB40",-1.496,0.933,-1.565,0.511,0.734,0.916,709,0.0381045263321496
"710","APOBEC3B",-0.551,0.709,-0.532,0.442,0.734,0.916,710,0.0381045263321496
"711","MBD4",-0.38,0.648,-0.936,0.453,0.736,0.917,711,0.0376306643299789
"712","MYBL2",-0.358,0.64,-0.98,0.455,0.737,0.918,712,0.0371573187987575
"713","ZBTB26",-0.298,0.617,-1.7,0.48,0.737,0.918,713,0.0371573187987575
"714","NCAPG2",-0.837,0.799,0.069,0.42,0.74,0.921,714,0.0357403698031511
"715","KLF13",-0.524,0.7,-0.966,0.461,0.742,0.922,715,0.0352690789463706
"716","CREB1",-3.083,0.999,-2.305,0.543,0.743,0.923,716,0.0347982989740879
"717","POU2F1",-1.031,0.849,0.258,0.408,0.743,0.924,717,0.0343280287798933
"718","AFF4",-1.735,0.959,-1.583,0.513,0.744,0.924,718,0.0343280287798933
"719","PDX1",-1.021,0.847,-0.195,0.446,0.744,0.924,719,0.0343280287798933
"720","BRPF3",-0.303,0.619,-1.765,0.477,0.748,0.928,720,0.0324520237811379
"721","HES1",-1.245,0.894,-1.173,0.491,0.748,0.928,721,0.0324520237811379
"722","AGO2",-0.414,0.66,-1.048,0.451,0.749,0.929,722,0.0319842860063582
"723","ZNF592",-0.835,0.798,-0.485,0.446,0.75,0.929,723,0.0319842860063582
"724","RARA",-1.641,0.95,-1.388,0.503,0.751,0.93,724,0.0315170514460649
"725","CDK6",-0.258,0.602,-1.468,0.46,0.751,0.931,725,0.0310503190186574
"726","ZNF100",-0.445,0.672,-1.327,0.465,0.752,0.932,726,0.0305840876460186
"727","NELFE",-5.243,1,-1.993,0.532,0.754,0.933,727,0.0301183562535
"728","BTAF1",-0.534,0.704,-0.898,0.443,0.755,0.934,728,0.0296531237699066
"729","KMT2D",-3.086,0.999,-1.864,0.52,0.757,0.935,729,0.0291883891274822
"730","KDM4B",-0.645,0.741,-1.298,0.47,0.757,0.936,730,0.0287241512618947
"731","NOTCH1",-1.193,0.884,-1.384,0.491,0.758,0.937,731,0.0282604091122217
"732","ZFP28",-1.28,0.9,0.176,0.418,0.76,0.938,732,0.0277971616209356
"733","FUS",-0.697,0.757,-0.869,0.45,0.761,0.938,733,0.0277971616209356
"734","AUTS2",-0.291,0.615,-1.558,0.459,0.761,0.939,734,0.0273344077338891
"735","ZNF217",-0.952,0.829,-0.137,0.412,0.761,0.939,735,0.0273344077338891
"736","BPTF",-0.268,0.606,-1.679,0.46,0.762,0.939,736,0.0273344077338891
"737","ETV1",-0.77,0.779,-1.769,0.49,0.762,0.939,737,0.0273344077338891
"738","FGFR1",-0.664,0.747,-1.843,0.489,0.762,0.939,738,0.0273344077338891
"739","FXR2",-0.59,0.722,-0.884,0.439,0.762,0.939,739,0.0273344077338891
"740","PAF1",-2.084,0.981,-1.564,0.508,0.762,0.94,740,0.0268721464003014
"741","ETV5",-0.897,0.815,-0.738,0.448,0.766,0.942,741,0.0259490972071227
"742","MECOM",-0.699,0.758,-0.685,0.43,0.768,0.944,742,0.0250280057019311
"743","CD59",-0.629,0.735,-0.906,0.436,0.769,0.945,743,0.0245681914907371
"744","ZNF430",-1.12,0.869,0.035,0.402,0.769,0.945,744,0.0245681914907371
"745","SP2",-0.908,0.818,-1.672,0.487,0.769,0.945,745,0.0245681914907371
"746","ZXDC",-0.751,0.774,-0.616,0.426,0.77,0.945,746,0.0245681914907371
"747","E2F2",-0.66,0.745,-0.871,0.433,0.772,0.947,747,0.0236500209967266
"748","ELL2",-1.861,0.969,-1.464,0.5,0.773,0.947,748,0.0236500209967266
"749","ZNF350",-0.611,0.729,-1.016,0.437,0.773,0.947,749,0.0236500209967266
"750","NFIL3",-0.797,0.787,-0.594,0.423,0.773,0.947,750,0.0236500209967266
"751","HDAC6",-0.782,0.783,-1.322,0.468,0.773,0.947,751,0.0236500209967266
"752","KAT7",-0.303,0.619,-1.748,0.458,0.774,0.948,752,0.0231916626619338
"753","ZNF701",-0.716,0.763,-0.734,0.429,0.775,0.949,753,0.0227337875727074
"754","ZNF574",-0.379,0.648,-1.622,0.453,0.775,0.949,754,0.0227337875727074
"755","ASXL1",-0.279,0.61,-1.814,0.459,0.775,0.949,755,0.0227337875727074
"756","FOXJ2",-0.758,0.776,-1.023,0.447,0.776,0.95,756,0.0222763947111523
"757","NR5A2",-1.382,0.917,-0.168,0.433,0.777,0.95,757,0.0222763947111523
"758","HDAC4",-0.508,0.694,-1.391,0.445,0.779,0.951,758,0.0218194830625861
"759","BRD1",-0.355,0.639,-1.787,0.455,0.782,0.953,759,0.0209070993616736
"760","STAT5B",-1.332,0.909,-1.187,0.476,0.782,0.954,760,0.0204516252959049
"761","IRF3",-1.036,0.85,-1.379,0.474,0.783,0.954,761,0.0204516252959049
"762","GRHL2",-4.592,1,-0.538,0.479,0.783,0.954,762,0.0204516252959049
"763","ATF1",-2.078,0.981,-1.792,0.504,0.784,0.955,763,0.0199966284162537
"764","MGEA5",-0.408,0.658,-1.719,0.451,0.784,0.955,764,0.0199966284162537
"765","PPARD",-0.588,0.722,-1.325,0.439,0.784,0.955,765,0.0199966284162537
"766","RAG2",-0.205,0.581,-2.038,0.464,0.786,0.956,766,0.0195421077238999
"767","GLI2",-1.468,0.929,-2.216,0.509,0.788,0.957,767,0.0190880622231565
"768","CAMTA2",-0.852,0.803,-0.776,0.419,0.788,0.957,768,0.0190880622231565
"769","E2F8",-0.652,0.743,-1.271,0.434,0.789,0.958,769,0.0186344909214556
"770","NFATC1",-1.314,0.906,-2.191,0.503,0.791,0.959,770,0.0181813928293364
"771","THAP1",-0.506,0.694,-1.62,0.445,0.792,0.959,771,0.0181813928293364
"772","MNT",-1.15,0.875,-1.19,0.462,0.793,0.96,772,0.0177287669604316
"773","GTF2E2",-0.658,0.745,-1.295,0.433,0.793,0.96,773,0.0177287669604316
"774","PTPN11",-0.529,0.702,-1.565,0.443,0.795,0.961,774,0.0172766123314547
"775","IRAK1",-0.402,0.656,-1.859,0.452,0.795,0.961,775,0.0172766123314547
"776","NCOR2",-0.992,0.84,-0.941,0.432,0.798,0.963,776,0.0163737128754655
"777","NR2C2",-2.931,0.998,-1.683,0.5,0.798,0.963,777,0.0163737128754655
"778","MED12",-0.87,0.808,-1.376,0.451,0.799,0.963,778,0.0163737128754655
"779","FOXD2",-0.624,0.734,-1.452,0.436,0.799,0.963,779,0.0163737128754655
"780","PHF2",-0.589,0.722,-1.8,0.452,0.803,0.966,780,0.0150228735845067
"781","HOXA4",-0.383,0.649,-1.954,0.453,0.803,0.966,781,0.0150228735845067
"782","HEY1",-0.668,0.748,-1.848,0.464,0.806,0.967,782,0.0145735259169983
"783","REL",-0.884,0.812,-1.836,0.471,0.807,0.968,783,0.0141246426916063
"784","HOXA2",-0.642,0.74,-1.544,0.435,0.807,0.968,784,0.0141246426916063
"785","SAP30",-1.221,0.889,-1.706,0.476,0.808,0.968,785,0.0141246426916063
"786","ARID5B",-0.813,0.792,-1.305,0.422,0.814,0.971,786,0.0127807700919951
"787","ETS1",-3.325,1,-1.963,0.503,0.815,0.972,787,0.0123337350737254
"788","TET1",-0.62,0.732,-1.755,0.436,0.815,0.972,788,0.0123337350737254
"789","TLE3",-2.479,0.993,-0.055,0.407,0.815,0.972,789,0.0123337350737254
"790","NFYA",-1.673,0.953,-1.403,0.474,0.816,0.972,790,0.0123337350737254
"791","ZFAT",-1.209,0.887,-0.699,0.396,0.816,0.972,791,0.0123337350737254
"792","KDM3A",-0.922,0.822,-1.522,0.444,0.818,0.973,792,0.0118871597316481
"793","KAT8",-1.411,0.921,-1.405,0.466,0.819,0.973,793,0.0118871597316481
"794","FAM208A",-0.852,0.803,-1.73,0.45,0.819,0.973,794,0.0118871597316481
"795","EP400",-0.68,0.752,-1.578,0.432,0.819,0.973,795,0.0118871597316481
"796","EHF",-1.367,0.914,-1.334,0.456,0.82,0.974,796,0.0114410431213845
"797","NR0B1",-0.563,0.713,-1.917,0.441,0.822,0.975,797,0.0109953843014632
"798","PPARGC1A",-0.848,0.802,-1.43,0.419,0.825,0.976,798,0.0105501823333082
"799","TAF3",-0.649,0.742,-1.869,0.434,0.83,0.978,799,0.00966114521239857
"800","NKX3-1",-1.841,0.967,-0.512,0.405,0.83,0.978,800,0.00966114521239857
"801","HCFC1",-2.313,0.99,-1.81,0.489,0.831,0.979,801,0.00921730819686218
"802","RAC3",-1.079,0.86,-1.254,0.405,0.832,0.979,802,0.00921730819686218
"803","ZNF687",-1.102,0.865,-1.429,0.426,0.837,0.981,803,0.0083309926200515
"804","NRF1",-3.544,1,-1.898,0.493,0.837,0.981,804,0.0083309926200515
"805","CENPC",-1.687,0.954,-0.329,0.327,0.838,0.981,805,0.0083309926200515
"806","SRC",-1.335,0.909,-1.719,0.456,0.84,0.982,806,0.00788851221305034
"807","CDK7",-1.252,0.895,-1.946,0.47,0.842,0.982,807,0.00788851221305034
"808","CD74",-1.725,0.958,-0.995,0.432,0.842,0.982,808,0.00788851221305034
"809","ZNF783",-0.564,0.714,-2.172,0.441,0.842,0.982,809,0.00788851221305034
"810","E2F3",-0.594,0.724,-2.075,0.439,0.843,0.983,810,0.00744648216786438
"811","BCL11B",-2.051,0.98,-1.939,0.486,0.843,0.983,811,0.00744648216786438
"812","L3MBTL4",-0.677,0.751,-1.943,0.432,0.844,0.983,812,0.00744648216786438
"813","GREB1",-3.062,0.999,-0.591,0.41,0.845,0.983,813,0.00744648216786438
"814","SUPT5H",-2.289,0.989,-1.902,0.483,0.849,0.985,814,0.00656376950238827
"815","SOX13",-1.315,0.906,-1.365,0.414,0.849,0.985,815,0.00656376950238827
"816","SNAPC1",-1.239,0.892,-1.288,0.394,0.851,0.985,816,0.00656376950238827
"817","TRAF7",-1.025,0.847,-2.389,0.469,0.851,0.985,817,0.00656376950238827
"818","PIAS1",-5.314,1,-0.543,0.406,0.853,0.986,818,0.00612308505878879
"819","HDAC3",-2.116,0.983,-1.337,0.447,0.853,0.986,819,0.00612308505878879
"820","ELK1",-2.806,0.998,-1.801,0.476,0.855,0.986,820,0.00612308505878879
"821","CPSF3L",-1.789,0.963,-1.894,0.474,0.856,0.986,821,0.00612308505878879
"822","CTBP1",-1.677,0.953,-1.302,0.429,0.856,0.986,822,0.00612308505878879
"823","KLF12",-0.698,0.757,-1.996,0.43,0.856,0.987,823,0.00568284733036327
"824","WDHD1",-1.255,0.895,-1.503,0.417,0.856,0.987,824,0.00568284733036327
"825","TGIF2",-0.862,0.806,-2.16,0.447,0.857,0.987,825,0.00568284733036327
"826","POU3F2",-1.456,0.927,-1.324,0.411,0.857,0.987,826,0.00568284733036327
"827","ZBTB11",-1.926,0.973,-1.797,0.469,0.857,0.987,827,0.00568284733036327
"828","HNF4G",-3.287,1,-1.289,0.447,0.858,0.987,828,0.00568284733036327
"829","H3F3B",-1.53,0.937,-0.938,0.366,0.859,0.987,829,0.00568284733036327
"830","SOX9",-1.136,0.872,-2.019,0.454,0.859,0.987,830,0.00568284733036327
"831","PHF6",-0.694,0.756,-2.085,0.431,0.86,0.988,831,0.00524305541237188
"832","HHEX",-1.721,0.957,-0.97,0.397,0.86,0.988,832,0.00524305541237188
"833","HOXA6",-0.809,0.791,-1.951,0.422,0.86,0.988,833,0.00524305541237188
"834","NCAPG",-2.287,0.989,-1.356,0.444,0.861,0.988,834,0.00524305541237188
"835","SIX5",-2.37,0.991,-1.835,0.473,0.863,0.989,835,0.0048037084028206
"836","TTF2",-1.001,0.842,-1.933,0.43,0.863,0.989,836,0.0048037084028206
"837","ZSCAN2",-1.389,0.918,-1.267,0.383,0.865,0.989,837,0.0048037084028206
"838","RFX2",-1.098,0.864,-1.726,0.403,0.865,0.989,838,0.0048037084028206
"839","GTF2B",-3.455,1,-1.859,0.475,0.868,0.99,839,0.00436480540245009
"840","ZSCAN22",-1.345,0.911,-1.941,0.446,0.87,0.99,840,0.00436480540245009
"841","KLF3",-1.24,0.892,-1.55,0.394,0.87,0.99,841,0.00436480540245009
"842","PHF8",-3.111,0.999,-1.955,0.478,0.871,0.99,842,0.00436480540245009
"843","VEZF1",-1.405,0.92,-1.877,0.441,0.873,0.991,843,0.00392634551472468
"844","FOXG1",-1.181,0.881,-1.757,0.398,0.874,0.991,844,0.00392634551472468
"845","HBP1",-0.989,0.839,-2.142,0.434,0.875,0.991,845,0.00392634551472468
"846","THAP11",-0.909,0.818,-1.981,0.415,0.875,0.991,846,0.00392634551472468
"847","ZBTB7B",-1.2,0.885,-1.773,0.396,0.879,0.992,847,0.00348832784582135
"848","IRAK4",-0.857,0.804,-2.15,0.419,0.879,0.992,848,0.00348832784582135
"849","XRN2",-2.287,0.989,-1.842,0.457,0.88,0.992,849,0.00348832784582135
"850","EPC1",-1.692,0.955,-1.504,0.406,0.882,0.993,850,0.00305075150461883
"851","SREBF2",-1.198,0.885,-1.815,0.396,0.883,0.993,851,0.00305075150461883
"852","ETV7",-1.215,0.888,-1.809,0.396,0.884,0.993,852,0.00305075150461883
"853","ESRRA",-1.421,0.922,-2.825,0.462,0.885,0.993,853,0.00305075150461883
"854","GABP",-1.193,0.884,-2.173,0.436,0.886,0.993,854,0.00305075150461883
"855","ZNF260",-1.201,0.885,-1.858,0.396,0.886,0.993,855,0.00305075150461883
"856","MRE11A",-1.364,0.914,-1.879,0.413,0.888,0.994,856,0.00261361560268669
"857","BARX1",-1.255,0.895,-1.832,0.393,0.89,0.994,857,0.00261361560268669
"858","CREB3L4",-1.388,0.918,-1.683,0.383,0.891,0.994,858,0.00261361560268669
"859","ELK3",-1.054,0.854,-2.081,0.406,0.892,0.994,859,0.00261361560268669
"860","OGT",-2.139,0.984,-2.086,0.463,0.895,0.995,860,0.00217691925427455
"861","TCOF1",-1.024,0.847,-2.322,0.408,0.897,0.995,861,0.00217691925427455
"862","ARRB1",-2.057,0.98,-1.441,0.384,0.898,0.995,862,0.00217691925427455
"863","DLX1",-1.195,0.884,-1.98,0.397,0.899,0.995,863,0.00217691925427455
"864","ATOH1",-1.181,0.881,-1.994,0.397,0.899,0.995,864,0.00217691925427455
"865","BCAT1",-1.696,0.955,-1.765,0.403,0.9,0.996,865,0.00174066157630127
"866","MAFB",-1.336,0.909,-1.89,0.387,0.901,0.996,866,0.00174066157630127
"867","BARX2",-1.523,0.936,-1.715,0.367,0.902,0.996,867,0.00174066157630127
"868","ASH1L",-1.058,0.855,-2.323,0.406,0.902,0.996,868,0.00174066157630127
"869","TAFII",-1.679,0.953,-1.909,0.41,0.906,0.996,869,0.00174066157630127
"870","NPAT",-1.161,0.877,-2.181,0.399,0.907,0.996,870,0.00174066157630127
"871","FEV",-1.35,0.912,-1.933,0.386,0.907,0.996,871,0.00174066157630127
"872","KAT5",-2.039,0.979,-1.891,0.407,0.914,0.997,872,0.00130484168834428
"873","HMGN1",-1.253,0.895,-2.111,0.393,0.915,0.997,873,0.00130484168834428
"874","CASP8AP2",-1.477,0.93,-1.918,0.373,0.917,0.998,874,0.000869458712628891
"875","DEAF1",-1.38,0.916,-1.974,0.384,0.918,0.998,875,0.000869458712628891
"876","SREBF1",-2.077,0.981,-1.972,0.425,0.918,0.998,876,0.000869458712628891
"877","HOXA1",-1.54,0.938,-1.893,0.365,0.918,0.998,877,0.000869458712628891
"878","FXR1",-1.285,0.901,-2.141,0.391,0.918,0.998,878,0.000869458712628891
"879","NCOR1",-2.371,0.991,-3.042,0.455,0.919,0.998,879,0.000869458712628891
"880","ZBTB10",-1.455,0.927,-1.954,0.376,0.92,0.998,880,0.000869458712628891
"881","GMEB1",-1.716,0.957,-1.746,0.302,0.92,0.998,881,0.000869458712628891
"882","ASCL2",-1.293,0.902,-2.181,0.39,0.921,0.998,882,0.000869458712628891
"883","GRHL1",-1.709,0.956,-1.765,0.31,0.922,0.998,883,0.000869458712628891
"884","RUVBL1",-1.372,0.915,-2.066,0.384,0.922,0.998,884,0.000869458712628891
"885","SRSF3",-1.682,0.954,-2.009,0.404,0.923,0.998,885,0.000869458712628891
"886","ARNT2",-1.371,0.915,-2.092,0.384,0.925,0.998,886,0.000869458712628891
"887","DCP1A",-1.802,0.964,-1.969,0.404,0.925,0.998,887,0.000869458712628891
"888","CREM",-2.075,0.981,-2.037,0.42,0.925,0.998,888,0.000869458712628891
"889","ZNF131",-1.699,0.955,-1.812,0.317,0.926,0.998,889,0.000869458712628891
"890","RBCK1",-1.619,0.947,-1.916,0.348,0.926,0.998,890,0.000869458712628891
"891","MCRS1",-1.303,0.904,-2.376,0.39,0.926,0.998,891,0.000869458712628891
"892","ZIC2",-1.399,0.919,-2.069,0.381,0.926,0.998,892,0.000869458712628891
"893","ASH2L",-2.341,0.99,-1.704,0.345,0.928,0.998,893,0.000869458712628891
"894","EMSY",-1.646,0.95,-1.906,0.342,0.928,0.998,894,0.000869458712628891
"895","ELF2",-1.722,0.957,-1.806,0.292,0.928,0.998,895,0.000869458712628891
"896","ERF",-2.67,0.996,-1.747,0.373,0.928,0.998,896,0.000869458712628891
"897","MXD3",-1.605,0.946,-1.939,0.352,0.928,0.998,897,0.000869458712628891
"898","NFYC",-1.559,0.941,-1.967,0.362,0.929,0.998,898,0.000869458712628891
"899","U2AF1",-2.341,0.99,-1.917,0.402,0.93,0.998,899,0.000869458712628891
"900","NELFA",-4.375,1,-1.948,0.423,0.93,0.999,900,0.000434511774017692
"901","RPE",-2.333,0.99,-2.278,0.436,0.93,0.999,901,0.000434511774017692
"902","TDRD3",-1.595,0.945,-1.992,0.355,0.935,0.999,902,0.000434511774017692
"903","ORC1",-1.436,0.925,-2.258,0.378,0.936,0.999,903,0.000434511774017692
"904","RBP2",-1.672,0.953,-1.962,0.333,0.937,0.999,904,0.000434511774017692
"905","NFAT5",-1.57,0.942,-2.045,0.36,0.938,0.999,905,0.000434511774017692
"906","ELK4",-3.045,0.999,-1.926,0.394,0.938,0.999,906,0.000434511774017692
"907","ZNF75A",-1.717,0.957,-1.971,0.299,0.945,0.999,907,0.000434511774017692
"908","SPIN1",-1.564,0.941,-2.412,0.361,0.949,0.999,908,0.000434511774017692
"909","ZNF711",-1.637,0.949,-2.417,0.344,0.953,1,909,0
"910","MEN1",-2.106,0.982,-2.118,0.374,0.953,1,910,0
"911","SMAD5",-2.186,0.986,-2.087,0.373,0.954,1,911,0
"912","FOXP3",-2.148,0.984,-2.09,0.369,0.955,1,912,0
"913","CSNK2A1",-1.653,0.951,-2.454,0.339,0.956,1,913,0
"914","KDM5A",-3.362,1,-1.953,0.336,0.959,1,914,0
"915","GMEB2",-2.372,0.991,-1.997,0.342,0.96,1,915,0
"916","KLF10",-2.203,0.986,-2.267,0.375,0.96,1,916,0
"917","DDX21",-2.242,0.988,-2.201,0.358,0.963,1,917,0
"918","RARG",-2.764,0.997,-2.227,0.363,0.968,1,918,0
